ext_gene,value
1-Dec,3772.278654
1-Sep,1827
128up,1105
14-3-3epsilon,1429.750366
14-3-3zeta,1389.839218
140up,824.3405265
18SrRNA-Psi:CR41602,1776
18SrRNA-Psi:CR45861,1735
18w,5223
2-Sep,1363.360782
26-29-p,1673
28SrRNA-Psi:CR40596,2576
28SrRNA-Psi:CR40741,1059
28SrRNA-Psi:CR41609,696
28SrRNA-Psi:CR45848,622
28SrRNA-Psi:CR45851,1522
28SrRNA-Psi:CR45853,56.1701
28SrRNA-Psi:CR45855,505
28SrRNA-Psi:CR45859,2490
28SrRNA-Psi:CR45860,158
28SrRNA-Psi:CR45862,1805
2mit,8199.413814
2SrRNA-Psi:CR40677,2.83354
2SrRNA-Psi:CR45850,2.83354
2SrRNA-Psi:CR45858,2.83354
312,707.6191855
4-Sep,2483.241017
4E-T,3377.15394
4EHP,2013.422052
5-HT1A,4820
5-HT1B,3661.951267
5-HT2A,3296.390451
5-HT2B,4591.946756
5-HT7,3899.197896
5-Sep,1511.1093
5.8SrRNA-Psi:CR45849,5.19716
5.8SrRNA-Psi:CR45854,5.19716
5.8SrRNA-Psi:CR45857,5.19716
5.8SrRNA-Psi:CR45863,5.19716
5PtaseI,2256.404341
5SrRNA-Psi:CR33356,6.43085
5SrRNA-Psi:CR33363,6.5079
5SrRNA-Psi:CR33371,6.00353
5SrRNA-Psi:CR33416,6.43085
7B2,934.2383586
825-Oak,315
a,4550.924481
a10,368
A16,1167
A2bp1,5507.753969
a5,577
a6,2008.242958
Aac11,2259
AANATL2,674.5285609
Aatf,1504
aay,1330
ab,4454.585032
ABCB7,2272.833056
abd-A,4214.595302
Abd-B,3645.118569
Abi,2182.15883
Abl,11251.57337
abo,1595
Abp1,2301
abs,1796
ac,718
Ac13E,7056.066209
Ac3,4413.672238
Ac76E,5113.255911
Ac78C,5329.770045
Acam,397
ACC,7687.163603
AcCoAS,2542.594339
Ace,4765.741238
Acer,2328.114174
Acf,4880
achi,1963.94312
acj6,3930.223452
Ack,4194
Ack-like,4276.087763
Acn,2691.430065
Acon,2679.755869
Acox57D-d,2053
Acox57D-p,2165.708647
Acp1,659
Acp24A4,371.2007949
Acp26Aa,759
Acp26Ab,209
Acp29AB,568
Acp32CD,683.0040346
Acp33A,141
Acp36DE,2644
Acp53C14a,495.2296209
Acp53C14b,391
Acp53C14c,312
Acp53Ea,269
Acp54A1,107
Acp62F,280
Acp63F,152.3953304
Acp65Aa,416
Acp76A,1000.5
Acp95EF,44.7603
Acp98AB,10.1687
Acph-1,1742.704996
Acsl,3088.812812
Act42A,1427
Act57B,1525
Act5C,1772.25037
Act79B,1367.951423
Act87E,1414.814237
Act88F,1396
Actbeta,3472
Actn,3377.041384
Actn3,1657
ACXA,3342.8
ACXB,3358
ACXC,3306
ACXD,3914.497371
ACXE,3249
Acyp,315
Acyp2,368.291227
Ada,922
Ada1-1,880.304863
Ada1-2,890
Ada2a,2032.030822
Ada2b,2059.980274
Ada3,2459
Adam,1060.732374
AdamTS-A,6201.497869
Adar,3040.951642
Adat1,2804
Adck,1549.912555
ADD1,4070.268788
ade2,4091.153176
ade3,4029.110051
ade5,1659.774611
AdenoK,1314.037631
Adf1,1498.422092
Adgf-A,2387.26332
Adgf-A2,1597.259266
Adgf-B,1495
Adgf-C,1538
Adgf-D,1414
Adgf-E,1592
Adh,903.742982
Adhr,1881
Adi1,502
AdipoR,1738.175799
Adk1,877.69731
Adk2,866
Adk3,990.5180981
AdoR,3324.021858
adp,2046.153475
ADPS,2088.087761
AdSL,2142
AdSS,1752
Ady43A,2004
Aef1,3088.734095
aft,2115
Afti,4898.596144
Ag5r,864.062043
Ag5r2,650
AGBE,2123
ago,5114.513171
AGO1,6801.775552
AGO2,3763.717232
AGO3,2590.968226
agt,1096
Ahcy13,1436.930354
Ahcy89E,1642.663996
AIF,2595.62138
AIMP1,837
AIMP2,873.8507534
AIMP3,540
Ak6,512
Akap200,2708.040555
Akh,337
AkhR,1896.886632
akirin,1884.124422
Akt1,3558.282901
al,1607
AlaRS,2964.082574
AlaRS-m,3034
Alas,1643
alc,888.694507
Ald,1607.513892
Aldh,1701.22139
Aldh-III,1786.052049
Alg-2,1091
Alg10,1330
Alh,4849.046224
alien,1369.070829
ALiX,2693
Alk,8685.095013
AlkB,934
Alp1,1586.000008
Alp2,1563
Alp4,1953.795135
alph,2438.585238
alpha-Cat,2805.925403
alpha-catenin-related,2808
alpha-Est1,1924
alpha-Est10,1951.141312
alpha-Est2,1803.406573
alpha-Est3,1565.860274
alpha-Est4,1550
alpha-Est4aPsi,1146
alpha-Est5,1666.394037
alpha-Est6,1637
alpha-Est7,1818
alpha-Est8,2447
alpha-Est9,3157.636088
alpha-Man-Ia,3720.781913
alpha-Man-Ib,3012
alpha-Man-Ic,1487
alpha-Man-IIa,3801.586575
alpha-Man-IIb,5158.345967
alpha-PheRS,1500
alpha-Spec,8017.727241
alpha4GT1,1515
alpha4GT2,1321
alphaCOP,3809.856977
alphaKap4,1310
alphaSnap,1871
alphaTry,661
alphaTub67C,1418
alphaTub84B,1553
alphaTub84D,1781
alphaTub85E,1361
Alr,979.5424833
alrm,1518
Als2,4864
alt,3479.397084
aly,1660.228816
Ama,1327.000013
amd,1561.346946
amn,3754
Amnionless,1523.846614
amon,3792
amos,587
AMPdeam,2574.886413
Amph,2785.640184
AMPKalpha,2543.357778
Amt,1574
Amun,3041.178635
amx,1060.953153
Amy-d,1407
Amy-p,1459.389575
Amyrel,1350
ana,2162.714676
ana1,5343.259719
ana2,1231.201607
ana3,6085
Ance,1823.954182
Ance-2,2023
Ance-3,2862.636131
Ance-4,1770.369073
Ance-5,1917
Andorra,748
angel,1031
Ank,4993.907708
Ank2,2999.346534
Ankle2,3572.324369
Anp,174
Ant2,1098.480139
antdh,751
Antp,4196.064205
antr,698.8951947
AnxB10,1046.536037
AnxB11,1602.068849
AnxB9,1100.304364
aop,4562.473696
aos,2623
Aos1,968
AOX1,4029
AOX2,3751
AOX3,3968.311166
AOX4,3633
ap,3110.768238
AP-1-2beta,3029
AP-1gamma,4566.863378
AP-1mu,1556
AP-1sigma,930.2151291
AP-2alpha,4060.335751
AP-2mu,1815.189436
AP-2sigma,552
Apc,8209.326228
APC10,668
Apc2,3794.312758
APC4,2413.851733
APC7,2039.370918
ApepP,1885.381842
Apf,356
aph-1,761.535093
aPKC,2803.679665
Aplip1,2192.750352
Apoltp,13131
app,3959.05134
APP-BP1,1486.405516
Appl,5985.403493
Aprt,659.245478
Aps,2335.649679
apt,2468.967264
AQP,1001.437883
aqrs,1037
ara,2719.001077
aralar1,2586.303984
Arc1,2172
Arc2,703
Arc42,1219
Archease,1023
aret,2761.642167
Arf102F,569.5365936
Arf51F,1195.109708
Arf79F,1243.073765
ArfGAP1,1885.179607
ArfGAP3,2268.898823
Arfip,1805
Arfrp1,902
arg,1044
Argk,1507.487817
ArgRS,1936
ArgRS-m,2170.943466
ari-1,3635.111242
ari-2,2809
Arl1,664
Arl2,457
Arl4,836.319888
Arl5,1140
Arl6,507.0029916
arm,2926.644307
armi,3763.25058
Arp1,1270
Arp10,1223.483045
Arp2,2097.138642
Arp3,1685.560426
Arp5,1908.912047
Arp53D,1179
Arp6,1148
Arp8,2090
Arpc1,1519.462024
Arpc2,1755.13074
Arpc3A,704.781182
Arpc3B,490.8608001
Arpc4,513
Arpc5,641.1530966
arr,5825
Arr1,1391.822746
Arr2,1348
Ars2,3053.413495
Art1,1329
Art2,1237
Art3,1547.211163
Art4,2656.997366
Art6,902
Art7,2031
Art8,1011
Art9,911
aru,2809.57089
arx,693
ARY,1166
Asap,4542.947437
Asator,5272.184178
Asciz,1294.216949
ase,2231
asf1,1010.883464
ash1,7402.933367
ash2,1291.25512
Ask1,4403.578218
asl,2988
AsnRS,1806.820943
AsnRS-m,1283
AsnS,1657
asp,6139
Asph,3118.25503
ASPP,4418.830229
AspRS,1803.871986
AspRS-m,3799.510688
asrij,737.5698902
ast,2546
AstA,1125.630977
AstA-R1,3456.000006
AstA-R2,1956.577998
AstC,1000.410812
AstC-R1,2713
AstC-R2,3113.794464
AstCC,953
asun,2298
Asx,6244.204317
Atac1,1031
Atac2,2228
Atac3,1938.334745
ATbp,2070
Ate1,1425.459704
Atet,3926.065595
Atf-2,1150
Atf3,6806.086843
Atf6,2892.521836
Atg1,3859.635669
Atg10,1114.355834
Atg101,1651
Atg12,270
Atg13,2804
Atg14,1667
Atg16,2025.384781
Atg17,6090.845903
Atg18a,1882.037838
Atg18b,2086.53014
Atg2,6062.245418
Atg3,1022
Atg4a,2116.408649
Atg4b,2466
Atg5,1219
Atg6,1294
Atg7,2075.430052
Atg8a,988.0243436
Atg8b,432.5
Atg9,2634
atilla,515.6047156
atk,4593
atl,2705.567333
atms,1605.391883
ato,1024
Atox1,704
ATP7,4812.425997
ATP8B,5791.965674
Atpalpha,3764.816772
ATPCL,3743.453259
ATPsynB,719
ATPsynbeta,1543.036075
ATPsynbetaL,1837
ATPsynC,841.1820859
ATPsynCF6,368.1154203
ATPsynCF6L,436
ATPsynD,535.1185786
ATPsyndelta,549.7727786
ATPsynE,371.6012306
ATPsynepsilonL,232.0145736
ATPsynF,360.4772524
ATPsynG,299.3969149
ATPsyngamma,968.7790547
ATPsynGL,348
ATPsynO,603
att-ORFA,1614.924195
att-ORFB,1128
AttA,591
AttB,631.0570285
AttC,701
AttD,543
Atu,2152
Atx-1,691
Atx2,4664.073746
Atxn7,3293.423863
aub,2625.716993
aurA,1378
aurB,984
aust,690
aux,4113.658111
ave,347
Aven,986.8610884
awd,414.134751
Awh,1864.391963
Axn,4263.884409
axo,7155.421076
Axs,2376
Axud1,3833.939736
az2,1807
azot,428
b,1866.39067
B-H1,2520.618822
B-H2,2903.000005
B4,5822.943664
B52,1934.213245
b6,1940
B9d1,682
B9d2,2451
bab1,5121.412628
bab2,4948.297257
babo,4569.233591
babos,947.354313
Bacc,919.6161605
Bace,1046.69183
baf,441.0041638
bai,608
Baldspot,2491.17318
ball,1776.295716
bam,1695
bap,1250
Bap111,2469
Bap170,5117
Bap55,1274
Bap60,1737
barc,2076.434266
bark,9893.415056
barr,2404.95858
baz,6636.334577
bbc,2202.248559
bbg,4050.858307
BBS1,1870
BBS4,1248.243664
BBS8,2060
bbx,3518.248647
bc10,1181
BCAS2,808
bcd,2161.988218
bchs,11956
BCL7-like,1465
bcn92,549
Bdbt,801
bdg,4224.464224
bdl,2531
be,3265.810353
BEAF-32,1019.688175
beag,1683
beat-Ia,2642.871778
beat-Ib,2404.176938
beat-Ic,3944.479891
beat-IIa,2643.463696
beat-IIb,1983.257881
beat-IIIa,3207.032844
beat-IIIb,3050
beat-IIIc,3324.908949
beat-IV,2843.324943
beat-Va,2668.324777
beat-Vb,1449.179814
beat-Vc,2030
beat-VI,2450.275565
beat-VII,5939
beg,999
bel,3574.515162
Bem46,1511
ben,1067.242279
Best1,2817.561111
Best2,3348
Best3,1495
Best4,1463
Bet1,522.4919659
Bet3,926
Bet5,852
beta'COP,2867
beta-Man,2822.1994
beta-PheRS,1761
beta-Spec,7477.553288
beta3GalTII,1232
beta4GalNAcTA,1668
beta4GalNAcTB,1150
beta4GalT7,900
betaCOP,3004
betaggt-I,1570.829618
betaggt-II,1234
betaGlu,2132
betaNACtes1,885
betaNACtes2,708
betaNACtes3,768
betaNACtes4,813
betaNACtes5,411
betaNACtes6,768
betaTry,661.9406802
betaTub56D,1397.346511
betaTub60D,2317.941797
betaTub85D,1642
betaTub97EF,1502
BG642163,1320
BG642167,185
BG642312,320.5156169
Bgb,1043
bgcn,3945.191506
bgm,2301.883836
BHD,1358
bi,4819.745873
BI-1,911.2394516
bib,3077
bic,947.8266415
BicC,3691.626889
BicD,4010.469502
bif,4923.600994
BigH1,1080
bigmax,755
Bili,3576.418651
bin,2213
Bin1,570.8398831
bin3,5275.290473
bip1,1469.421398
bip2,4315
Bka,559
blanks,1069
Blimp-1,6297.968349
Blm,4607
Blos1,476
Blos2,446
Blos3,365
Blos4,568.8556313
blot,3221.643957
blow,2395.359039
blp,757.9668711
blw,2053
Bmcp,1473.315408
bmm,2119.890189
bnb,2083.317288
bnk,829
bnl,4064.13147
BobA,428
boca,505
bocks,1314.103033
boi,3477.651777
bol,2220.632747
boly,940
bon,5586.590828
bond,1390.605886
bonsai,782
bor,2232.099832
bora,1803
borr,1095.212344
boss,2814
botv,3409
bou,504
bowl,3259.66085
BoYb,3360
br,5981.637117
Br140,5211.778854
brat,5123.847876
Brca2,3092
Brd,333
Brd8,2593
Bre1,3557.857053
Brf,2474.219659
brk,2995
brm,5154.413811
Brms1,1124
brn,1251
Bro,545
brp,8825.983744
bru,4693
bru-2,2671.288543
bru-3,5251.39615
Bruce,15149.25754
brv1,2474
brv2,2135
brv3,2145.881475
BRWD3,7045
bs,2162.138084
bsf,4258
Bsg,2643.029991
Bsg25A,1153
Bsg25D,4159.758159
bsh,1457.689076
bsk,1345.103642
bt,26471.99092
BTBD9,2836.299875
BtbVII,4075.144979
btd,2735
BthD,778
Btk29A,3248.288328
btl,3679.566085
btn,278
Btnd,1708
btsz,5659.491615
btv,12622
btz,2765.895003
Bub1,3880.744
Bub3,1120.783521
BubR1,4427
Buffy,839
Bug22,744
BuGZ,2485.237569
bun,2931.59732
bur,2868.756449
Burs,441
bves,3526.194515
bw,2433.214149
bwa,1733.768737
Bx,2548.89002
Bx42,1876.747478
by,2841.388962
byn,2419.000013
bys,1319
c-cup,683
c(2)M,2063
c(3)G,2408.21347
c11.1,5873.019437
c12.1,1047
c12.2,4194.733442
C15,1657
C1GalTA,1840.394514
C3G,5937.626837
C901,1725
ca,6673.851133
Ca-alpha1D,8180.457158
Ca-alpha1T,12606.04985
Ca-beta,5237.509768
CaBP1,1549.794999
cac,10048.47868
cact,1858.60825
cactin,2135
cad,2224.554573
Cad74A,6340.105276
Cad86C,6660.954213
Cad87A,7056
Cad88C,6546
Cad89D,6719
Cad96Ca,2740
Cad96Cb,2792.08824
Cad99C,5529.840158
CadN,11860.87303
CadN2,7141.501881
Cadps,5091.023984
Caf1-105,2282
Caf1-180,3844
Caf1-55,1628.815239
cag,850.9842348
CAH1,1257
CAH2,1625.456925
CAHbeta,894.8119816
caix,931
cal1,3403
CalpA,2528.253013
CalpB,3908.451265
CalpC,2488
Calr,1264.663356
Cals,3531.707889
Calx,4792.901089
calypso,1938.768982
Cam,1433.657463
CaMKI,2102.132189
CaMKII,2157.319361
Camta,7206.603792
can,2754
cana,5478.287828
CanA-14F,3865.96408
CanA1,2609.318965
CanB,965.5
CanB2,1160.541018
Cand1,3899.761794
CAP,2766.033231
Cap-D2,4102
Cap-D3,3824.907348
Cap-G,4187.97891
Cap-H2,3780.242708
Capa,496
CapaR,1623.28462
Caper,2485.029512
Capr,3742.190309
caps,4623.388694
capt,1850.535242
capu,2999.954191
car,2934.508734
CarT,2194.443896
cas,2722.849369
Cas,3038
CASK,3832.454515
casp,2354.803187
Cat,1794
cathD,1197
cato,513
Catsup,1499
caup,4118
cav,1212.723432
caz,1462.87925
cbc,1455
Cbl,2865.965623
CBP,1986.123763
Cbp20,401
Cbp53E,2190.257
Cbp80,2881.26128
cbs,2057.048821
Cbs,1630.468051
cbt,1948.674649
Cby,373.5310708
CCAP,563.6899824
CCAP-R,2787
CCDC151,1646
CCDC53,456
Ccdc56,1330
CCHa1,658
CCHa1-R,2443
CCHa2,1081.588715
CCHa2-R,2167.49252
Cchl,1017.868708
CCKLR-17D1,2993
CCKLR-17D3,2031
Ccm3,1390
Ccn,2579
Ccp84Aa,566
Ccp84Ab,635
Ccp84Ac,861
Ccp84Ad,536
Ccp84Ae,555
Ccp84Af,381
Ccp84Ag,898
Ccs,714.9649447
Cct1,2338.82739
Cct2,1498
Cct5,1737.874349
Cctgamma,1842.902608
CCY,3803
Ccz1,1332
cd,2420
CD98hc,1933.169649
Cda4,1735
Cda5,4561.022778
Cda9,1248.285272
CDase,2348.899692
cdc14,3634.710903
Cdc16,2416
Cdc23,2028.065411
Cdc27,3493.886465
Cdc2rk,1052
Cdc37,1412
Cdc42,1727.271212
CDC45L,2015
Cdc5,3039.875386
Cdc6,2284
Cdc7,2869.882298
Cdep,4947.532388
CdGAPr,6527.137891
cdi,5580.338147
cDIP,1656
Cdk1,883
Cdk12,4430.928162
Cdk2,1013.589055
CDK2AP1,1632
Cdk4,1418.627332
Cdk5,1405
Cdk5alpha,1813.27917
Cdk7,1249
Cdk8,1330
Cdk9,1277
Cdlc2,456.6666667
cdm,3106.866914
CdsA,2203.70559
Cec-Psi1,8.78198
Cec2,17.0167
CecA1,140
CecA2,156
CecB,226
CecC,187
Ced-12,2387
ced-6,2296.798399
Cen,2586.529058
CenB1A,3106.732828
CenG1A,3801.634116
Cenp-C,4337.388116
Cep135,3264.824934
cep290,5900
Cep89,1284
Cep97,2403.830084
cer,298
Cerk,2561.581822
cert,2312.190524
cerv,851.6088221
Cf2,3665.5111
Cfp1,2160.776184
cg,3930.753298
CG10000,2398
CG10005,802.5601247
CG10011,8483
CG10013,1491
CG10014,1249
CG10019,5673.317891
CG10026,995.5726516
CG10029,1181
CG10031,378
CG10035,897.3970792
CG10038,961.68774
CG10041,753
CG10050,1695
CG10051,2569
CG10053,698.4899434
CG10055,2223
CG10062,2729.64621
CG10063,628
CG10064,2180
CG10068,1458
CG10073,2548.563818
CG10075,725
CG10077,3281.29636
CG10081,2536
CG10082,3620.79382
CG10086,1665
CG10089,2085.294887
CG10096,3998.955449
CG10097,1613.351254
CG10098,1333
CG10103,1343.904478
CG10104,1315
CG10116,719
CG10126,704.4636867
CG10131,859
CG10132,4422.696676
CG10133,898
CG10137,3028
CG10139,669.3625591
CG10140,770
CG10144,3686
CG10147,1947.700231
CG10151,2057.133983
CG10154,848.5235688
CG10163,1021
CG10164,1968
CG10165,784.0383326
CG10166,611
CG10168,1657
CG10170,1565
CG10171,1529.589624
CG10175,2328.468221
CG10177,1239
CG10178,1726.697488
CG10182,2013
CG10183,1859
CG10184,1131
CG10185,5180
CG10188,5050.440203
CG10189,1127.378934
CG10194,1016
CG10195,1325.777938
CG10202,1860
CG10205,663.7316441
CG10208,865
CG10209,1825
CG10211,4965.124565
CG10214,771
CG10217,2036.619958
CG10222,923.5368038
CG10226,4169.699446
CG10232,1665
CG10237,1251.819979
CG1024,2044.251781
CG10252,634
CG10254,4692.075719
CG10257,1178
CG10262,835
CG10264,848
CG10265,1072.215051
CG10268,957
CG10274,2835
CG10280,872
CG10283,2793.029153
CG10286,1952
CG10289,5594.295597
CG10298,546
CG10300,1285
CG10301,801
CG10306,654
CG10307,1119.003111
CG10311,840.1563232
CG10317,993.7180872
CG10321,3123
CG10324,1612
CG10326,1012.957479
CG10332,540
CG10333,2457
CG10336,1033.858494
CG10337,1098
CG10338,2175.510917
CG10339,1764
CG10340,739
CG10341,1673.954482
CG10343,644
CG10344,984.0717205
CG10345,2224
CG10347,1785.726221
CG10348,3296.256473
CG10352,1292
CG10353,4084.513967
CG10357,912
CG10359,1499.682315
CG10361,1232
CG10362,3577
CG10365,1326.31767
CG10366,1863
CG10375,785.3469491
CG10376,2301
CG10383,2704.552203
CG10384,3272.729598
CG10395,1017.463705
CG10399,948.5481399
CG10405,730
CG10407,817.6853659
CG10413,3596.163868
CG10417,2235.331044
CG10418,238
CG10420,1632
CG10424,1034
CG10425,1203
CG10426,2899.524031
CG10428,1722
CG10431,3100.152868
CG10433,865.0513137
CG10435,1623
CG10444,2591
CG10445,3092.665621
CG10459,988
CG10462,2932.738022
CG10463,1722
CG10465,1042
CG10466,371.9117191
CG10467,1345
CG10469,868
CG10470,502
CG10472,737
CG10474,1074
CG10476,470
CG10477,875.2813607
CG10479,1476.126763
CG10481,1809
CG10483,2039
CG10486,2089
CG10492,4285.496666
CG10494,1784.34105
CG10495,1172
CG10505,4227
CG10508,1876.285467
CG10510,1533
CG10512,1619.533633
CG10513,1159
CG10514,1159
CG10516,1130
CG10527,961
CG10543,6816.93997
CG10550,1297.120808
CG10553,1243
CG10555,4717.363278
CG10559,1236
CG10560,1168
CG10561,1853
CG10562,1328
CG10565,2069.558446
CG10570,673.6814007
CG10576,1539.395477
CG10581,388
CG10584,882
CG10585,1690.023107
CG10587,710.3333333
CG10588,3283
CG10589,1166
CG10591,876
CG10592,1550
CG10597,509
CG10598,1021
CG10600,5006.868291
CG10602,1958.208554
CG10616,1612.003603
CG10621,1124.399871
CG10623,1355.365484
CG10625,2909.546632
CG10628,1055
CG10631,11934
CG10635,344
CG10638,939.8723334
CG10639,1566.832363
CG10646,1178
CG10650,1362.481332
CG10651,837
CG10654,1407.149255
CG10657,1325
CG10659,638
CG10660,1928.119006
CG10663,2915.56171
CG10669,2948.075416
CG10671,1650.587926
CG10672,883
CG10674,279
CG10680,924.9130722
CG10681,824.5378838
CG10688,725
CG10694,769
CG10700,1554
CG10702,3820.459281
CG10710,2438
CG10713,2335
CG10721,1344.554474
CG10725,677
CG10730,1801
CG10731,671.7806505
CG10734,1250
CG10737,3141.039803
CG10738,4880.985885
CG1074,1488
CG10747,1342.137211
CG10748,947
CG10749,978
CG10750,976
CG10752,1575
CG10754,793
CG10761,1054
CG10764,1501
CG1077,2103
CG10778,1133.196304
CG10793,1460
CG10795,901
CG10799,393
CG10801,1466
CG10802,1270.40293
CG10803,3600.844626
CG10804,3996.367378
CG10809,1823.359004
CG10814,1259
CG10822,355
CG10827,1475
CG10834,244
CG10839,806
CG10841,2204.529427
CG10845,1734
CG10853,389
CG10859,1790
CG10862,1002
CG10863,890
CG10864,1353
CG10866,1203.55758
CG10869,2028
CG10874,1383.932886
CG10877,1383
CG10880,1085.492642
CG10887,1989
CG10889,1977
CG10898,1770
CG10899,762.0000016
CG1090,3020.484802
CG10903,932.4396722
CG10904,798.648112
CG10907,1411
CG10909,974
CG10910,1792
CG10911,1022
CG10912,711
CG10914,1855
CG10915,3143.981023
CG10916,952.6765172
CG10918,444
CG10919,576
CG1092,1143.167141
CG10920,1565
CG10924,2501.464517
CG10927,967
CG10931,1003
CG10932,1365.950528
CG10933,1203
CG10934,844
CG10936,5178
CG10939,1518
CG10943,951
CG10947,2374.685288
CG10948,2645.300865
CG10949,1368.560892
CG10950,1705
CG10953,1032.5
CG10958,2484
CG10959,1635.76281
CG10960,2413.803314
CG10962,875
CG10969,2149
CG10970,1198.546684
CG10973,833
CG10979,4075.703216
CG10984,2070.319154
CG10993,516
CG10996,1051
CG11000,5471.419764
CG11007,1059.675329
CG11018,1051
CG11023,1611.385554
CG11029,1606
CG1103,1136.98115
CG11030,1617.217596
CG11034,2284.631971
CG11035,888.4247231
CG11037,714
CG1104,2332.403438
CG11041,338
CG11044,1842
CG1105,1597
CG11050,1785.812807
CG11052,435.1312613
CG11060,2113
CG11068,1071
CG11069,1839
CG11070,3192
CG11073,2438.69217
CG11076,1063.892491
CG11077,488
CG11085,1345
CG11089,2033.512449
CG1109,2598.83156
CG11095,922
CG11099,1979.426978
CG11103,724
CG11106,336
CG11109,1220.83862
CG11110,553
CG11112,477
CG11113,254
CG11122,12005
CG11123,1923
CG11125,1684.518893
CG11127,1285
CG1113,1633.694165
CG11131,989.2845553
CG11134,703.4707057
CG11137,483.2036628
CG11138,3838.857166
CG11141,2502.978412
CG11145,375
CG11147,2720.171036
CG11149,1721.538812
CG11151,547.9533747
CG11155,3015.637572
CG11158,1409
CG11159,457
CG1116,1415.237996
CG11162,720
CG11164,1023.383632
CG11168,2815.869157
CG11170,974.4703989
CG11178,2891.770021
CG11180,2218.601076
CG11190,2322
CG11191,1144.882786
CG11192,761
CG11200,1254.648399
CG11208,1785
CG11210,2664
CG11211,394
CG11221,2452.249164
CG11226,904
CG11227,2257.658763
CG11236,981.9822097
CG1124,917
CG11241,1758.147377
CG11247,2468.566017
CG11248,2764.001573
CG11249,1911
CG11251,1190
CG11257,1519
CG1126,1029
CG11261,2016
CG11262,2085
CG11263,838.1679243
CG11267,395
CG11269,202
CG11275,1465
CG11279,416.0280209
CG11284,1735.359685
CG11286,609.5
CG11289,1314
CG1129,1469.82145
CG11291,1081
CG11294,869
CG11298,370
CG11300,382
CG11306,1430.572813
CG11307,1178.713789
CG11309,1165.385989
CG11313,1014.000262
CG11317,1596.7617
CG11318,2565
CG11319,7172.310291
CG11321,5974.380919
CG11322,1566
CG11327,1609
CG11333,516
CG11334,1298.76432
CG11340,2062.530598
CG11342,766
CG11345,724
CG11349,1771
CG11350,1298
CG11353,2763.500495
CG11356,578
CG11357,2756.556538
CG1136,2505
CG11360,5742.669369
CG11362,566
CG11367,1597
CG11368,162
CG11369,2279
CG1137,1164
CG11370,1110.250004
CG11373,160
CG11374,1179
CG11377,1351.058967
CG11378,1070.83787
CG11379,584
CG1138,1199
CG11380,2505
CG11381,1404
CG11382,1573.134929
CG11384,1960
CG11388,1440
CG1139,1379
CG11391,1601
CG11395,1429.520717
CG11396,1402
CG11398,1357.251646
CG11399,4055
CG11400,648.4735467
CG11403,2691
CG11404,602.5
CG11406,1785.352556
CG11407,1590
CG11409,4203.527325
CG11412,2133.369839
CG11413,403
CG11414,2940
CG11417,2261
CG11418,1902.608825
CG1142,712
CG11425,799
CG11426,1683
CG1143,921.4696622
CG11436,1797
CG11437,793
CG11438,1127.751976
CG11444,916.1400958
CG11447,792
CG11448,3570.187799
CG11449,1418
CG11453,1632
CG11454,706
CG11456,1432.846121
CG11458,338
CG11459,972.3757928
CG1146,1674.524973
CG11470,528
CG11474,1417.413552
CG11475,1363
CG11486,3399.595333
CG11498,2307
CG11504,1609.319787
CG11505,9264.064672
CG11523,675
CG11529,1041
CG11534,1438
CG11537,2719.159597
CG11539,564.4912668
CG11550,861
CG11555,642.1718163
CG11560,903.6745285
CG11562,549
CG11563,632
CG11566,3599
CG11570,710
CG11576,1959
CG11577,1129
CG11581,1116
CG11583,1054
CG11584,1998
CG11585,966
CG11586,818.3127357
CG11588,832
CG11590,531
CG11593,2411.750394
CG11594,1752.338208
CG11596,1530.318818
CG11597,1481.877523
CG11598,1049
CG11600,1131
CG11601,1012.061962
CG11608,1180
CG1161,774.8656618
CG11617,1083.249826
CG11619,2220
CG11626,1616
CG11629,1425
CG11630,1821
CG11634,1339.5
CG11635,736
CG11638,2263
CG11652,1537.691446
CG11655,1521
CG11656,914
CG11658,2311.345031
CG11659,1506
CG11663,440.5
CG11664,682
CG11665,2457.053982
CG11666,362
CG11668,1150
CG11670,1138
CG11671,482
CG11672,819.0558909
CG11674,973
CG11679,1263
CG11686,252.3326007
CG11693,1332.804407
CG11694,736
CG11695,1550.215859
CG11696,2036
CG11697,708
CG11698,711
CG11699,514.5232332
CG11700,1163
CG11703,1079
CG11710,1671.443434
CG11714,3314
CG1172,1977.112458
CG11722,571
CG11723,1537.556638
CG11726,785
CG11737,1864.992016
CG11739,1151.578175
CG11741,200.3408407
CG11752,278
CG11753,516.7254779
CG11755,615.1006157
CG11756,547
CG11760,1709
CG11768,7174.773322
CG11771,2654
CG11777,502
CG11779,2288.44728
CG11781,290
CG11786,569
CG11788,1230
CG11790,812.4592744
CG11791,1391.320861
CG11796,1126.552825
CG11802,1282
CG11807,1762.09861
CG11808,602
CG11811,1376
CG11815,811
CG11816,1121
CG11825,466.7164038
CG11828,1357
CG11835,2550.920612
CG11836,1024.403871
CG11837,904
CG11839,637
CG11841,877
CG11842,919
CG11843,887.3644752
CG11851,2164
CG11852,846
CG11854,840
CG11857,1602
CG11858,294
CG11865,650
CG11873,11749.14253
CG11876,1156.832307
CG11878,1146
CG11880,2990.266189
CG11882,858.4805985
CG11883,3269.749679
CG11885,357
CG11889,1370.472357
CG11892,1337.153891
CG11893,1216
CG11897,4713.712764
CG11898,4273
CG11899,977
CG11902,4402
CG11905,1343.662007
CG11906,2090
CG11911,771
CG11912,699
CG11920,813
CG11927,1535
CG11929,2832.734998
CG11961,2747.8956
CG11964,1686
CG11966,4230
CG11970,5224.919008
CG11975,1270.758121
CG11977,658
CG11980,989.8972738
CG11982,1376
CG11983,1479.113773
CG11984,2279.654697
CG11985,171
CG11986,1063
CG11997,1326
CG11999,705
CG12003,1608
CG12004,2168.921607
CG12006,2031.045501
CG12007,1654
CG12009,3040.318015
CG12010,2056
CG12011,1525
CG12012,716.3280588
CG12014,1437
CG12016,1868.502331
CG12017,2248.006802
CG12018,1188
CG12020,1043
CG12024,1592.214193
CG12025,1647.589971
CG12034,1485
CG12035,1059
CG12038,1257
CG12050,3272
CG12054,3420.917812
CG12056,753
CG12057,627.4387257
CG12061,1158.62356
CG12065,2477.252895
CG12069,1132.526025
CG12071,2356.258337
CG12075,3963.424961
CG12078,736
CG1208,1992.470068
CG12081,1755.342839
CG12084,3161.316647
CG12091,1669.295098
CG12093,1097
CG12096,1684.085347
CG12099,2735.524074
CG12104,1125.092901
CG12105,3642.163719
CG12106,1173
CG12107,583
CG12111,432
CG12112,917.5595925
CG12115,670
CG12116,1371
CG12118,1065.561936
CG12121,2755
CG12123,845
CG12125,2630.682342
CG12126,406
CG12128,1622.129022
CG12129,1040
CG1213,1596.713687
CG12133,895
CG12134,1328.267224
CG12147,1690
CG12155,2489
CG12158,80.003
CG12159,678.7004111
CG12163,1683.188609
CG12164,1220.619505
CG12170,1225
CG12171,815
CG12173,668
CG12177,1184.866185
CG12179,4214.581114
CG1218,1306
CG12182,2304.67221
CG12184,2677
CG12194,2041.012143
CG12200,794
CG12204,911
CG12206,2277.585115
CG12207,1907.106736
CG12209,1069
CG12213,2061.598055
CG12219,1819
CG12224,1298.574832
CG12229,1761
CG12231,512
CG12236,2601.988333
CG12237,1480
CG12239,2144
CG12241,2787
CG12253,1041
CG12256,736
CG12259,1047
CG12262,1262
CG12263,3395
CG12264,1334
CG12267,1437.807849
CG12268,1594.831038
CG12269,265.7890238
CG1227,1010.947892
CG12278,639
CG12279,402
CG12288,1363
CG12289,1196
CG12290,4251.983881
CG12299,3111
CG12301,2316
CG12307,481
CG12309,1804
CG1231,1044
CG12310,345
CG12316,3878.90952
CG12320,1249.296395
CG12321,704
CG12325,3047.491149
CG1233,3825.317877
CG12333,1968
CG12338,958.8504185
CG1234,2373
CG12341,901
CG12343,774
CG12344,2526.198817
CG12347,652
CG12355,627.770989
CG1236,991
CG12362,1698
CG12374,1265
CG12375,966
CG12376,1493
CG12379,419
CG12384,413
CG1239,852.7222468
CG12391,2179
CG12393,1173.402043
CG12395,798
CG12398,1780
CG12402,3277
CG12404,1008
CG12413,2056
CG12420,656
CG12426,450
CG12428,2157.70717
CG12438,726
CG12439,634.5
CG12446,2445
CG12448,1094
CG1246,1490.493393
CG12464,307
CG12470,856
CG12477,1126
CG12479,229
CG12480,1653
CG12481,390
CG12483,409
CG12484,4130.312705
CG12490,1448
CG12491,381
CG12493,970.2500517
CG12496,1338
CG12498,767
CG12499,6185
CG12502,3114.410816
CG12506,272
CG12507,897
CG12511,498.3333333
CG12512,1855
CG12516,776
CG12517,357
CG12519,371.7686405
CG12520,1214.067817
CG12521,222
CG12522,299
CG12523,713
CG12531,6563.113326
CG12535,1484.980618
CG12538,386
CG12539,1886
CG12540,573
CG12541,2256.39492
CG12546,290
CG12547,2132.749734
CG12560,777.0655016
CG12567,1906.588175
CG12576,2218.64901
CG12581,3391.173737
CG12589,735
CG12590,1091
CG12592,2208
CG12594,3174.124792
CG12605,5244.041839
CG12607,802
CG12608,1417
CG12609,1684
CG12617,510.6666667
CG12620,985
CG12637,835
CG12640,149
CG12643,832
CG12645,896.0000038
CG1265,629
CG12655,412
CG12659,697
CG12661,601
CG12662,358
CG12672,1511
CG12674,1018.5
CG12679,560
CG12680,673.5
CG12681,1395
CG12682,661
CG12684,688
CG12688,1290
CG12689,570
CG12691,374
CG12692,1712
CG12693,1444
CG12698,1707
CG12699,567
CG12702,2706.663659
CG12708,1395.005682
CG1271,1644.691155
CG12713,1152
CG12715,1834
CG12716,1160
CG12717,2600.971441
CG12721,612
CG12723,1914
CG12725,826
CG12728,2037.457501
CG12729,628
CG1273,3988
CG12730,1151.667824
CG12736,1512
CG12744,716.7295812
CG12746,1255.932847
CG1275,1248.10976
CG12766,876
CG12768,1673.492784
CG12769,4493.221566
CG12772,3035.625488
CG12773,3515.747483
CG12780,233
CG12782,1020
CG12783,1472.000658
CG12784,238
CG12788,1438.083642
CG12795,873
CG12796,1019
CG12811,803
CG12814,2297.804562
CG12817,861
CG12818,802
CG12822,1272.239138
CG12824,416.5821545
CG12825,386
CG12826,518
CG12828,249
CG12831,2644.321279
CG12836,505
CG12848,271.2939164
CG12849,320
CG12851,6251
CG12853,130
CG12857,1372.000291
CG12858,4081.966675
CG12860,978
CG12861,912
CG12862,125
CG12863,1218
CG12866,2611
CG12868,489
CG12869,2739.838157
CG1287,1227
CG12877,3051
CG1288,703
CG12880,1695
CG12883,777
CG12885,2816.085251
CG12895,432.1897666
CG12896,649
CG12898,272
CG12902,635.1119231
CG12909,832
CG1291,1278
CG12910,1696.160762
CG12911,1399.876671
CG12912,1821.493298
CG12913,1885.374072
CG12914,1039.000012
CG12917,1291
CG12920,1108
CG12923,1506.060989
CG12926,1148
CG12929,301.8908263
CG12934,659
CG12935,734.5031098
CG12942,2282
CG12945,1902.54059
CG12947,1496
CG12948,1121.557636
CG12950,3962.418513
CG12951,658
CG12963,646.4504095
CG12964,3658
CG12970,938
CG12971,695.3774146
CG12974,1461.797595
CG12975,428
CG12983,3172
CG12984,461.3691804
CG12985,1158
CG12986,332
CG1299,1734.186253
CG12990,2131
CG12991,2307.635667
CG12992,1213.488197
CG12994,966
CG12995,431
CG12998,484.2033324
CG13000,309
CG13001,1587
CG13002,440
CG13003,4993.901689
CG13004,1810.769832
CG13005,1828
CG13008,2797
CG13010,482
CG13012,706.8059259
CG13014,859
CG13016,1276
CG13018,180
CG13021,401.4622972
CG13022,424
CG13023,1593
CG13024,1338.104045
CG13025,2305.144716
CG13026,524.317392
CG13028,544
CG13029,467.5555689
CG13031,261
CG13032,1988
CG13033,629
CG13038,310
CG13039,507
CG1304,694
CG13040,840
CG13041,314
CG13042,372
CG13043,447
CG13044,425
CG13045,983
CG13046,582
CG13047,440
CG13048,703.5
CG13049,537
CG13050,495
CG13051,189
CG13053,261.3319132
CG13054,1141
CG13055,2028.562311
CG13056,203
CG13058,407
CG13059,373
CG13060,340
CG13062,602
CG13063,345
CG13064,195
CG13065,478
CG13066,302
CG13067,365
CG13068,251
CG13069,221
CG1307,770.1466843
CG13070,369
CG13071,235
CG13073,1301
CG13074,1334
CG13075,950
CG13077,677.3056878
CG13078,711
CG13081,504
CG13082,1117
CG13083,946
CG13084,1345
CG13085,852.4845076
CG13086,437.7967012
CG13088,1255
CG1309,1660
CG13090,1380.252301
CG13091,1541.657684
CG13096,2101.139978
CG13097,2323
CG13101,1290.009152
CG13102,417.8927094
CG13108,822
CG1311,2287.999906
CG13110,328
CG13113,506
CG13114,1331
CG13116,785.7312833
CG13117,521.1347255
CG13123,867.093247
CG13124,2783.352545
CG13126,1696.250199
CG13127,2424
CG13131,3931
CG13133,983
CG13135,377
CG13137,1190
CG13138,1664.545975
CG1314,1210
CG13144,1356
CG13148,1157.529408
CG1315,1223.710004
CG13151,1711
CG13154,719
CG13155,552
CG13157,1705
CG13159,194
CG1316,2023
CG13160,2534.607946
CG13163,1125.560588
CG13164,2718.104455
CG13168,1325.737081
CG1317,3637.480819
CG13170,216
CG13171,187
CG13175,2046
CG13177,448.6214476
CG13185,16789
CG13186,583
CG13192,1144
CG13193,371
CG13196,1834
CG13197,1179.993509
CG13198,344
CG13202,227
CG13203,1618.335467
CG13204,1842.428244
CG13215,422
CG13216,689
CG13217,285
CG13218,324
CG13220,536.230849
CG13223,1570
CG13226,754
CG13227,305
CG13228,272
CG13229,2054.316156
CG13230,119
CG13231,508
CG13239,505
CG1324,955
CG13243,1222
CG13244,412
CG13245,383.9450911
CG13247,1106
CG13248,2657
CG13250,335.1996403
CG13251,3214
CG13252,2333
CG13255,746.0205722
CG13258,587
CG13272,3052
CG13280,1407.801807
CG13282,1517.38513
CG13283,1924
CG13284,1159.248032
CG13285,684.1435032
CG13287,1588
CG13288,1193
CG13293,3924.932046
CG13295,1439
CG13296,1229
CG13297,396
CG13298,721
CG13299,295
CG13300,4104
CG13305,1046.420687
CG13306,332
CG13308,503
CG13309,601
CG13310,1181
CG13311,369
CG13312,862
CG13313,1195
CG13314,394
CG13315,340.8871175
CG13318,1072
CG13319,488.5161189
CG13321,948.6693517
CG13322,1898.954009
CG13323,351.9697395
CG13324,312
CG13325,2237.538145
CG13326,2579
CG13330,1930
CG13331,1213
CG13332,873
CG13334,1362
CG13337,1994
CG13339,463
CG13344,1800.465362
CG13358,1228
CG13359,1603
CG13360,1404
CG13361,1366
CG13362,1487
CG13364,188
CG13365,300
CG13366,4141.227177
CG13367,1351
CG13369,976
CG13373,612.8626247
CG13375,2916.899799
CG13376,673.4591024
CG13377,1306.852795
CG13380,1479.826611
CG13384,2207.627045
CG13385,1039
CG13386,785
CG1339,1216
CG13390,1031
CG13392,649.9307468
CG13397,2457.769271
CG13398,2810.125717
CG1340,1644.043762
CG13403,399.8834725
CG13404,1168
CG13405,586
CG13407,1136
CG13408,990
CG13409,1888
CG13423,1427
CG13426,219
CG13427,241
CG13428,271.9695749
CG13430,1352.337714
CG13436,1718
CG13437,583
CG13438,635
CG1344,2356.283178
CG13442,1434
CG13443,1405
CG13445,232
CG13449,921.9928083
CG13454,325
CG13455,1215
CG13457,3078.515711
CG13458,1989
CG13460,478
CG13461,361
CG13465,403
CG13471,730
CG13473,385
CG13474,356
CG13476,495
CG13477,417
CG13481,549.5
CG13482,341
CG13484,453
CG13488,633.3895931
CG13492,8984
CG13494,405
CG13500,1016
CG13501,1391.226474
CG13502,897.3131062
CG13506,2768.623004
CG13510,499.4131751
CG13511,2134.543949
CG13516,886.851358
CG13526,479
CG13527,818
CG13531,5420.000148
CG13532,1719
CG13538,790
CG13539,682
CG1354,1369.694274
CG13540,329
CG13541,1058
CG13544,1063
CG13545,306
CG13551,408.7738977
CG13557,237
CG13558,853
CG13559,671
CG13560,589.5
CG13561,332
CG13562,1085
CG13563,1924
CG13564,301
CG13566,718
CG13575,1683
CG13577,1281.519961
CG13578,656
CG13579,3526
CG1358,2792.397377
CG13581,638
CG13585,548.8056281
CG13587,776
CG13589,326
CG13590,383
CG13594,2656.000001
CG13599,830
CG1360,1558
CG13601,892
CG13603,847
CG13604,2550.021216
CG13605,1975
CG13606,898.0805346
CG13607,1945.745116
CG13609,1317
CG13611,1349
CG13613,461
CG13614,848
CG13615,940
CG13616,551.0291586
CG13617,2201.897284
CG13618,822
CG13622,1002
CG13623,393.9396752
CG13625,1895
CG13627,2071
CG13630,1102
CG13631,1384
CG13634,1638
CG13639,268
CG13640,308
CG13641,343
CG13643,2872.021518
CG13646,1385
CG13650,2481
CG13653,738
CG13654,3472.245288
CG13658,1135
CG13659,1102
CG13663,603
CG13667,1665.372619
CG13670,761
CG13671,2079
CG13674,383.2117486
CG13675,1200
CG13676,3021.917861
CG13678,362
CG13679,290
CG1368,575
CG13685,2779.592942
CG13689,518.3035168
CG13690,1020
CG13692,466
CG13693,1461
CG13694,833.2019835
CG13698,2092.283753
CG13699,3556
CG13700,1739
CG13704,483
CG13705,1337
CG13707,902.9263556
CG13708,3999.118204
CG1371,3671
CG13711,627
CG13712,483
CG13713,259
CG13716,155
CG13720,1446
CG13721,566
CG13722,2404
CG13723,372
CG13724,1454
CG13725,702
CG13727,710
CG13728,2305
CG13731,2781
CG13733,933
CG13737,405.4349302
CG13738,156
CG13739,7918
CG13741,1734
CG13742,2188.871445
CG13743,3066.458684
CG13744,1625
CG13747,780
CG13748,523
CG13749,698
CG13751,178
CG13759,738.4010615
CG13760,1226.075965
CG13766,1687.148678
CG13771,1228.093381
CG13773,882
CG13775,1778.884082
CG13784,2969.607092
CG13786,1986
CG13793,1728
CG13794,1828
CG13795,2035.283515
CG13796,2531.548933
CG13801,1931
CG13806,976
CG13807,437
CG13810,1353
CG13813,1328
CG13827,784.1463551
CG13829,611
CG13833,877
CG13837,473
CG13838,230
CG13840,1497
CG13841,413.417128
CG13842,2305
CG13843,984
CG13847,2881.694032
CG13850,1677
CG13855,2138
CG13856,744
CG13857,1236
CG13862,291
CG13865,1003.720497
CG13868,2993.430597
CG13869,554
CG1387,3227
CG13870,1612
CG13871,1518
CG13872,1811
CG13875,1597.539002
CG13876,1138
CG13877,290.6099966
CG13884,575
CG13887,1041.805121
CG13890,1011
CG13891,562
CG13893,1999
CG13894,1994
CG13895,1725.971793
CG13896,784.0726125
CG13898,426
CG13900,4080.984173
CG13901,712.2931036
CG13902,1127.846304
CG13905,714
CG13907,4025.999814
CG13912,619
CG13917,8135.67835
CG13919,318
CG13920,994.5617718
CG13921,3981.169169
CG13924,1248.694616
CG13926,527
CG13928,2388
CG13930,1946
CG13931,864
CG13933,2965.763217
CG13937,1457.391271
CG1394,643
CG13946,207
CG13947,284
CG13949,478.3543879
CG13950,874
CG13954,6402.396676
CG13955,1294
CG13962,473.2891743
CG13965,336
CG13970,566
CG13972,1148
CG13978,2643
CG13982,2405.910526
CG13983,678
CG13984,458
CG13989,656
CG13991,5430
CG13992,2109.750758
CG13993,391.792804
CG13994,403.7382774
CG13995,3180
CG13996,633
CG13998,132
CG13999,842
CG14000,1164
CG14005,1191.630609
CG14006,2198
CG14007,891
CG14011,1275.237237
CG14013,756
CG14014,928
CG14015,1949
CG14017,980
CG1402,2884.507024
CG14020,1014
CG14022,442.2981754
CG14024,2029.67496
CG14034,920.8037399
CG14036,239
CG14042,2089.192122
CG14043,1787
CG14044,1119
CG14050,938.9390558
CG14052,694
CG14053,1470.651411
CG14054,721
CG14057,328.9862834
CG14062,981
CG14069,289.5
CG1407,1945.832546
CG14070,956.5
CG14071,624
CG14072,359.986166
CG14073,7598.84816
CG14074,950
CG14075,475
CG14077,810
CG14079,809
CG14082,3284.336458
CG14085,2749
CG14086,1337
CG14088,672
CG14089,482
CG1409,423
CG14095,442
CG14096,259
CG14100,1194
CG14102,1856
CG14103,873.9010062
CG14104,190
CG14105,467
CG14106,902
CG14107,726
CG14109,726.6087136
CG14110,886
CG14111,593
CG14113,314
CG14115,461
CG14117,850.6677507
CG14118,1438
CG14120,4007
CG14125,640.2279432
CG14130,868
CG14131,2331.052534
CG14132,695
CG14135,792.7902481
CG14137,113
CG14141,556
CG14142,2287.112311
CG14143,295
CG14147,562
CG14151,484
CG14153,823
CG14154,757.1324235
CG1416,1379.168277
CG14160,1913
CG14164,841.6726331
CG14174,874
CG1418,929
CG14182,648.6189639
CG14183,2513
CG14184,527.7061035
CG14185,1198
CG14186,3323
CG14187,276.2391833
CG14190,2290
CG14191,588
CG14194,1738.046229
CG14195,1988.036899
CG14196,2256
CG14200,7479.978751
CG14204,2205.369504
CG14205,2139
CG14207,1014.844591
CG1421,548
CG14210,363.4505083
CG14212,698
CG14215,6368.15549
CG14218,1355.73896
CG14219,2109
CG14220,1297.185042
CG14221,1746.9535
CG14223,2416.338151
CG14227,757
CG14229,652.7765028
CG14230,1854
CG14231,1611.116921
CG14232,1699.101519
CG14234,3439
CG14237,167
CG14238,1711
CG14244,287
CG14245,258.952198
CG14246,317.0204556
CG14247,785
CG14252,1102
CG14253,1848.480533
CG14257,1553.73371
CG14258,702
CG14259,873
CG14260,707.9887847
CG14262,805
CG14265,358
CG14269,622.6135095
CG1427,1379.323455
CG14270,575
CG14273,862
CG14274,1409
CG14275,649.0433443
CG14277,518.9370874
CG1428,1832
CG14280,2181.052394
CG14282,788
CG14285,790
CG14286,563
CG14291,1671
CG14292,449
CG14294,403
CG14297,833
CG14298,602.3199959
CG14299,7407.042496
CG14300,158
CG14301,1647
CG14302,82.002
CG14304,3126.862198
CG14305,1064
CG14309,3142
CG14312,295
CG14313,453
CG14314,1407
CG14315,572
CG14316,1269
CG14317,1337
CG14321,503
CG14322,5508.911678
CG14323,715
CG14324,265
CG14325,1184
CG14326,325
CG14327,567.9781068
CG14329,904
CG14330,688
CG14331,944
CG14332,314
CG14339,3067
CG1434,1533.108486
CG14340,831
CG14341,447
CG14342,603
CG14346,556
CG14352,831
CG14353,1286
CG14354,842
CG14355,3093
CG14356,541
CG14357,761
CG14362,489
CG14367,1005
CG14369,827
CG14370,530
CG14372,4728.5
CG14374,248
CG14377,305.055386
CG14380,721
CG14383,937
CG14384,705.329012
CG14391,415
CG14395,3739.0001
CG14397,334
CG1440,1958.855668
CG14400,706
CG14401,1017.213267
CG14402,1155
CG14406,371.8550522
CG14407,469
CG14408,2961.799818
CG1441,1666.072145
CG14410,407
CG14411,3215.607834
CG14414,626.5294089
CG14416,716
CG14417,907
CG14418,1146.007402
CG14419,530
CG14420,1371
CG14421,651
CG14422,849
CG14423,988
CG14424,847
CG14427,968
CG14431,7011.458333
CG14434,609.1337492
CG14435,3307.069615
CG14438,10270.77909
CG14439,1906.229873
CG1444,1506
CG14440,2305.00217
CG14441,6596.808522
CG14442,4310.181882
CG14443,2012
CG14445,1372.485267
CG14446,8166.918727
CG14448,610
CG14450,1303.21691
CG14451,663
CG14452,284
CG14453,367
CG14454,451
CG14455,464
CG14456,556
CG14457,1212.969038
CG14459,1742.422053
CG14463,675.8143457
CG14464,489.658783
CG14478,3733.696874
CG14480,707.0419243
CG14483,334.2017251
CG14488,370
CG14490,512
CG14491,302
CG14492,401
CG14495,673.5230833
CG14499,668
CG14500,478
CG14502,1316.162883
CG14505,757
CG14506,2130
CG14507,1034
CG14509,4022.307045
CG14511,1017
CG14512,405
CG14515,440
CG14516,3276.109534
CG14518,426
CG14523,1900
CG14526,2124
CG14527,1955
CG14528,1986
CG14529,1928
CG14535,5419.870752
CG14537,612
CG14540,2085
CG14543,458
CG14544,850.4690211
CG14545,614
CG14546,1296
CG14550,615
CG14551,649.7164563
CG14556,1011
CG14561,994.8693077
CG14562,5177.481373
CG14563,300
CG14564,691
CG14565,823
CG14566,508.0036157
CG14567,526
CG14568,483
CG14569,627
CG14570,581
CG14572,709
CG14573,491
CG14579,957
CG14589,610.8257905
CG14591,1467.284402
CG14598,1031
CG14605,1310.666667
CG14606,1726
CG14607,1273
CG14608,4023
CG14609,1806.389721
CG1461,1993.810452
CG14610,314
CG14613,1403.598625
CG14615,1552.861117
CG14618,1011
CG14621,1910.535403
CG14624,620
CG14625,2380
CG14626,1214
CG14627,1252.620559
CG14628,290
CG14629,908
CG1463,1271.502456
CG14630,1159
CG14631,391
CG14634,317
CG14635,276
CG14636,1268.698246
CG14641,1365
CG14642,1104.614326
CG14644,796
CG14645,210
CG14646,1437.797899
CG14647,979
CG14650,3431
CG14651,3205
CG14655,1938
CG14657,2681.215042
CG14658,404
CG14659,250
CG14661,822.7444212
CG14662,1801
CG14664,312.0519409
CG14667,1061
CG14668,749
CG14669,3815.903259
CG14671,452.1230625
CG14676,759
CG1468,536
CG14683,1308
CG14684,288
CG14687,541
CG14688,966
CG14689,1462
CG14691,1475.643897
CG14692,8472
CG14693,1006.294627
CG14694,1170
CG14695,917
CG14696,1443
CG14701,288
CG14708,526
CG14710,1259
CG14711,1120
CG14712,4051
CG14715,441
CG14717,1265.662373
CG14718,1908
CG14720,455
CG14721,968.7130972
CG14722,1864
CG14731,1863
CG14736,1459.087899
CG14739,703
CG14740,1401
CG14742,413
CG14743,1637
CG14744,2446.000146
CG14749,2088
CG14752,341
CG14756,620
CG14757,540
CG14759,401
CG14760,1619
CG14762,3573.994193
CG14763,524.1218814
CG14764,2441.056632
CG14767,1924.21222
CG14770,491
CG14777,713.3404887
CG14778,554
CG14780,883
CG14785,1514
CG14787,671
CG14795,258
CG14797,2488.96289
CG14798,699
CG14803,3217.425173
CG14805,1505
CG14806,611.8923719
CG14810,518.004578
CG14811,650
CG14812,576.2753549
CG14814,3264.559977
CG14817,363.8794188
CG14818,327.7306167
CG14820,1231
CG14823,1038.287835
CG14826,849
CG14829,1058
CG14830,1579.818999
CG14834,1227
CG14835,460
CG14837,2387
CG14838,3313
CG14839,782
CG14840,807
CG14841,757
CG14850,388
CG14851,307
CG14852,388
CG14853,2044.688574
CG14854,464
CG14855,1774
CG14856,1800
CG14857,1872
CG1486,3437.493503
CG14860,1404
CG14861,1066
CG14864,1528.904113
CG14866,1488
CG14868,1645
CG14877,1279
CG14879,1349.031473
CG14880,2394.011767
CG14881,854.9994174
CG14882,1451.831157
CG14883,1639
CG14891,1445
CG14892,2001
CG14893,1489
CG14894,833.3595956
CG14903,243
CG14905,1461
CG14906,978
CG14907,904
CG14913,1517
CG14915,307
CG1492,2011.304017
CG14921,754
CG14926,654
CG14929,851.5
CG14930,667
CG14931,732.9191618
CG14932,571.9398848
CG14933,652.1431044
CG14937,1397
CG1494,5225.666667
CG14945,2065.876427
CG14946,1151.752002
CG14947,836
CG14949,735
CG14957,224
CG14958,342
CG14960,1245
CG14961,2864
CG14963,733
CG14964,4880
CG14965,1671
CG14966,388
CG14967,7173.411397
CG14968,762.8750926
CG14969,1437
CG14971,2220
CG14974,289.0000144
CG14977,344
CG14982,3491.671461
CG14983,408
CG14984,414.4406037
CG14985,1793.168213
CG14989,1927.919264
CG14990,873
CG14995,2514.529676
CG14997,1418.555007
CG15005,2449
CG15011,2432
CG15012,659
CG15014,956
CG15019,506.1305693
CG15020,2545
CG15021,1337
CG15022,864
CG15023,530.3333333
CG15024,296
CG15025,1214
CG15027,403
CG1503,1069.648262
CG15034,595
CG15035,1278
CG15036,117
CG1504,2522.471631
CG15040,5939
CG15042,1206
CG15043,567.6966012
CG15044,623
CG15046,1618
CG15047,712
CG15056,1225
CG15059,673.5
CG15065,25.324
CG15067,336.4670013
CG15068,15.9266
CG15071,562
CG15073,1851.209477
CG15080,5347
CG15082,1244.983339
CG15083,470
CG15084,921
CG15093,1086.500769
CG15096,1590.470683
CG15097,2807.602357
CG15098,754
CG15099,8312.349251
CG15107,913.2052609
CG15109,1246.00204
CG15111,1421.971843
CG15115,578
CG15116,442
CG15117,2182.1458
CG15118,2323.138261
CG15120,871
CG15124,553
CG15125,779.5
CG15126,82.002
CG15127,425
CG15128,1812
CG1513,3406.436313
CG15130,323.7280174
CG15136,623
CG15140,1067
CG15141,1484
CG15142,574
CG15143,3314
CG15144,3163
CG15145,2588
CG15147,437
CG15152,402.7665579
CG15153,1118
CG15155,709.9464987
CG15160,3385.782859
CG15161,1444
CG15167,251
CG15168,293
CG15169,1191
CG15170,1516.286653
CG15172,375
CG15177,790
CG1518,2483.930151
CG15185,968
CG15186,4044.267403
CG15196,1379.005601
CG15198,451
CG15199,374.9831144
CG15200,347
CG15201,290
CG15202,510.733994
CG15203,441.5406645
CG15208,1292.573481
CG15209,592
CG15210,410
CG15211,1058.670575
CG15212,246
CG15213,167
CG15219,309.9365651
CG15221,2295
CG15225,615
CG15227,1095
CG1523,1951
CG15233,623
CG15236,4559.000023
CG15237,399
CG15239,1798
CG15247,1909
CG15249,989
CG15252,1584
CG15253,743
CG15254,632.0199571
CG15255,845.7086553
CG15256,1250
CG15258,508
CG15260,615
CG15262,1361
CG15263,849
CG15269,1923
CG15270,5105.097957
CG15278,1031
CG15279,2116.096928
CG15282,210.7301059
CG15283,442
CG15286,1615.000001
CG1529,2075.753894
CG15293,1028.762862
CG15296,487.0002813
CG15306,1407.243704
CG15308,311.534519
CG15309,2211.962769
CG15312,2102.311887
CG15317,626
CG1532,947.5606919
CG15322,2730
CG15330,440
CG15332,1804
CG15333,1624
CG15336,558
CG15337,1231
CG15343,749
CG15347,730.4700436
CG15353,151
CG15356,4095
CG15357,323.5
CG15358,794.6031133
CG15362,614
CG15365,2913.732816
CG15368,557
CG15369,283.7727916
CG1537,670
CG15370,1053
CG15373,3287
CG15375,1033
CG15382,839
CG15385,2346.842978
CG15386,492
CG15387,494
CG15390,730
CG15394,441.8561909
CG15395,1035
CG15398,795
CG15399,625
CG15403,656
CG15404,238
CG15406,1447
CG15408,1366
CG15412,1669.425445
CG15414,1203
CG15418,281
CG1542,1008
CG15422,488
CG15423,367
CG15425,596
CG15429,742.1081924
CG15431,5684.550226
CG15432,355.4215205
CG15435,1631.035076
CG15436,1212
CG15439,3136
CG1544,2733
CG15440,1025
CG15443,1114.713637
CG15445,2059.221943
CG15446,1066
CG15449,566
CG1545,518
CG15450,1291
CG15452,542
CG15456,290.5531979
CG15458,287
CG15459,873
CG15461,133
CG15465,17799.91859
CG15468,1001
CG15471,332.5
CG15472,1212
CG15473,2093
CG15475,839
CG15478,1652.230642
CG15480,457
CG15482,843
CG15483,1183
CG15484,714
CG15485,2088
CG15497,1018
CG15498,940
CG1550,1762
CG15506,1272
CG15510,546
CG15514,1157.20915
CG15515,273
CG15517,326
CG1552,708.6239717
CG15522,986.4372761
CG15525,455
CG15526,367
CG15528,833
CG15529,1058.964894
CG15530,1849.9836
CG15531,959
CG15533,2004
CG15534,1965
CG15535,479.2959144
CG15536,465
CG15537,1352.88684
CG15539,1363.206173
CG15543,1052.200864
CG15544,3995.83966
CG15545,1068
CG15546,1623
CG15547,1402
CG15548,2409
CG15549,913
CG15550,315
CG15553,1585
CG15554,602
CG15556,2226.722773
CG15561,968
CG15563,453
CG15564,1623
CG15570,4079
CG15571,323
CG15572,2184
CG15576,722
CG15577,309
CG15578,216
CG15579,237
CG15580,2172
CG15594,1255
CG15597,480
CG15599,3493
CG15601,937.9174784
CG15602,1009.639894
CG15605,415
CG1561,1961
CG15611,1535.682917
CG15614,1325
CG15615,1230
CG15617,1099
CG15618,5155.571969
CG15625,1023
CG15628,3709.005978
CG15629,1233
CG15630,2473
CG15631,1791
CG15635,3333
CG15638,289
CG15641,214
CG15642,1086.705498
CG15643,1401.744297
CG15646,1498
CG15649,263
CG15650,662.7310902
CG15651,2348
CG15653,512
CG15657,390.6249996
CG15661,1656.67435
CG15666,2748
CG15673,944
CG15674,1552.950683
CG15676,947
CG15695,2524
CG15696,482
CG15701,3168
CG15704,257
CG15705,266
CG15706,2077.895853
CG15708,744
CG1571,2102
CG15710,715
CG15711,1839.529392
CG15712,458
CG15715,623.0068635
CG15717,968.5512294
CG15719,533
CG1572,812.1029711
CG15721,2605
CG15725,2654
CG15728,941
CG15731,981
CG15734,273
CG15735,1052
CG15739,1275.543173
CG15740,3066
CG15741,285
CG15742,708
CG15743,1413.347975
CG15744,6062
CG15747,2383.154906
CG1575,1901.629321
CG15754,802
CG15756,1170
CG15760,3625.794334
CG15764,815
CG15765,4025.395176
CG15766,758
CG15767,1234
CG15771,2126.839303
CG15772,1224.655502
CG15773,1283.449631
CG1578,3945.57389
CG15784,1815.489398
CG15800,415
CG15803,4639.815388
CG15812,1752.49639
CG15814,1505.855315
CG15818,1122
CG1582,3967.592246
CG15820,984
CG15822,3898.200844
CG15824,6394.648171
CG15829,254.1135792
CG15861,1196.451401
CG15863,363
CG15864,1343
CG15865,3230
CG15870,387
CG15873,808
CG15876,442
CG15877,819
CG15878,1432
CG15879,1190
CG15880,697
CG15881,524.2069055
CG15882,435
CG15887,664
CG15888,901
CG15890,2503.702401
CG15891,437.4095941
CG15892,974
CG15894,6522.00308
CG15896,1749.232942
CG15905,786.5
CG15908,338
CG15909,1266
CG15912,689
CG15914,1223
CG15916,760
CG15919,248
CG15922,160.3265727
CG15923,4120
CG15925,1328
CG15927,627.4324925
CG15930,1684
CG1598,1060
CG1602,1702
CG1603,2088.052568
CG1607,2769.434856
CG1620,2053.963723
CG1622,1504.914047
CG1628,1319.079193
CG1631,979
CG1632,3921.15686
CG1635,1349
CG1636,1883.300966
CG1637,1638.716552
CG1638,1368
CG1640,2229.52693
CG1646,3431.945044
CG1647,3899.118479
CG1648,863.635776
CG1657,5631
CG1662,1341.190954
CG1663,1240
CG1665,990
CG1667,1189.615027
CG16700,2234
CG16704,143.2631386
CG1671,2324
CG16710,1016
CG16711,5713.034133
CG16713,126
CG16716,2630
CG16717,1228
CG16719,881
CG16721,2342.301833
CG16723,1889
CG16727,1815
CG1673,2311
CG16732,1551.294926
CG16734,1194
CG16736,709
CG16739,496
CG1674,2232.336015
CG16741,350
CG16743,635.9326265
CG16749,674
CG16753,565
CG16756,322
CG16758,1355.683023
CG16762,686
CG1677,3475.551764
CG16771,2148.991886
CG16772,867.6679644
CG16775,499
CG16779,11006.0325
CG1678,210.8765414
CG16781,1314.5
CG16782,956
CG16786,2662.036423
CG16787,872
CG16789,2510.285498
CG16790,823.1766114
CG16791,5647.760522
CG16798,2313
CG16799,561.2921352
CG16800,831
CG16812,1522
CG16813,609.5
CG16815,519
CG16817,914.7629292
CG16820,1375
CG16824,208
CG16825,1689
CG16826,1008.533148
CG16833,3242.737034
CG16836,184
CG16837,377
CG16848,999
CG16852,636
CG16853,854
CG16854,2444.035172
CG16863,1995.301034
CG16865,803.6079239
CG16868,4975
CG1688,3917
CG16884,1214
CG16885,1134
CG16886,2140.375
CG16888,358
CG16890,976.2934728
CG16892,1637.310183
CG16894,836
CG16896,3123
CG16898,1126
CG1690,874
CG16903,1737
CG16904,781
CG16908,3177
CG16926,718.3537119
CG16935,1057.876247
CG16940,3385.839442
CG16941,2359
CG16947,2020.460283
CG1695,6039
CG16952,3726.697225
CG16953,2614
CG16956,538
CG16957,579
CG16959,1786.500703
CG16964,492
CG16965,2101
CG16972,5683
CG16974,4318.159243
CG16978,210
CG16979,1847
CG1698,2105.792332
CG16984,963
CG16985,442
CG16986,512.2665154
CG16989,3169.140885
CG16995,522
CG16998,578
CG17002,1483.423427
CG17003,930
CG17005,1651
CG1701,753
CG17010,1214
CG17018,4185.850737
CG17019,2570.646129
CG17026,805
CG17027,1245.318288
CG17028,830.6456231
CG17029,839.8396974
CG1703,2799.007797
CG17030,568
CG17032,945.462977
CG17036,1469.869743
CG17047,1418.792277
CG17048,453
CG17059,224
CG17065,1380.086679
CG17068,2586
CG17075,6996.980089
CG17078,1980.263132
CG17083,1760
CG17097,3193
CG17098,2538
CG17104,1606.998651
CG17105,297.8446951
CG17107,315.5448315
CG17108,965
CG17109,1123.549214
CG17110,1904.862615
CG17111,2760
CG17118,780
CG17119,1285.18286
CG17121,1234
CG17122,1748
CG17124,1190.491515
CG17127,241.545434
CG17129,2110.348272
CG17134,1064
CG17139,2199
CG17140,1481.856092
CG17141,900
CG17145,928.804422
CG17147,937
CG17154,401
CG17159,4350.892995
CG17162,3505.848813
CG17163,1349.955408
CG17167,2362.443919
CG17168,1317
CG17169,333
CG17173,1382
CG17177,3803
CG1718,6371.485177
CG17180,903.0805835
CG17186,1283
CG17187,1064
CG17189,796
CG17190,733
CG17191,891
CG17192,853
CG17193,3472.760001
CG17195,724
CG17196,712.6784409
CG17197,1759
CG17198,957.6089804
CG17199,1392
CG17202,578
CG17207,1124
CG17209,4221
CG17211,4960
CG17217,427
CG17219,1054
CG1722,974
CG17221,1240.664477
CG17224,1035.308325
CG17230,2080.408766
CG17233,4171.955941
CG17234,609
CG17237,715
CG17239,590.2825863
CG1724,644
CG17242,836
CG17244,543.0984526
CG17249,1335
CG17258,2655.775771
CG17260,1117.3073
CG17261,573.078933
CG17264,2480.375
CG17265,3062
CG17266,537.3021154
CG17267,1311
CG17270,1091.985041
CG17271,1194.282661
CG17272,471
CG17278,1735
CG17279,573.2494475
CG17283,1386
CG17287,1584
CG17290,1242.5
CG17292,1271.420545
CG17294,813
CG17298,296
CG17300,500
CG17321,2324.261043
CG17322,1631.577389
CG17323,1820.459824
CG17324,1481
CG17325,522.4913534
CG17327,551.5245093
CG17328,1268.520114
CG17329,466
CG17333,648
CG17337,1445.580204
CG17343,372
CG17344,604
CG17349,948
CG17350,916
CG17352,2991.004822
CG17359,1153
CG17360,4824.636279
CG17361,666
CG17362,366
CG17364,3674.320662
CG1737,4093.919635
CG17375,939.436614
CG17376,298.0095898
CG17377,645
CG17378,2496.506962
CG1738,600
CG17380,869
CG17385,1027.065521
CG17386,4198.618818
CG17387,2894
CG17404,715
CG17440,1101
CG17450,1656.853442
CG17454,692.1344964
CG17470,740
CG17472,383
CG17475,824.0257698
CG17477,652
CG17486,1605
CG1749,1233
CG17490,2139.804587
CG17493,1322.530342
CG1750,876
CG17508,991.9611041
CG17514,7366.893439
CG17528,2792.487047
CG17544,2341.334574
CG17549,922.3224811
CG17556,1007.309119
CG17560,1513
CG17562,1475
CG17564,1106
CG17565,1370
CG17568,1640
CG17570,807
CG17571,790.8334323
CG17572,1145
CG17574,839.1995851
CG17575,737
CG17580,887
CG17593,1530.883637
CG17597,1206.879637
CG17598,2660.724121
CG17599,1557
CG17600,1015.682909
CG17601,761
CG17612,1753.211237
CG17625,360
CG17633,1151
CG17636,1730.254957
CG17637,1316
CG1764,1257.427392
CG17646,3018.317369
CG17648,342
CG17650,335
CG17652,712.7320549
CG17658,1676
CG17660,2158
CG17662,703
CG17664,834.7086254
CG17666,2251.515633
CG17669,1527
CG17672,1284
CG17680,502
CG17681,1083
CG17683,1623.868952
CG17684,1958.554816
CG17687,4613
CG17691,997.5476943
CG17698,2069.634407
CG17707,3589.829909
CG17712,1237
CG17715,1656.183018
CG17717,875
CG17721,484.5876795
CG17724,3373.632404
CG17726,1210
CG1773,924
CG17732,2174
CG17734,623.6813173
CG17737,482
CG17738,212
CG17739,2631
CG1774,1587.625829
CG17744,727
CG17746,1437.693315
CG17751,1467
CG17752,1517
CG17754,2615.364649
CG17760,1336
CG17764,958
CG17765,790
CG17768,449.2789757
CG17770,1025
CG17776,237.8842026
CG17777,409.8130213
CG17778,1014.047774
CG17780,1257
CG17781,1307
CG17782,1285
CG17784,515
CG17786,3889
CG17801,1021
CG17802,1507
CG17803,1966.307368
CG17806,1414
CG17807,1725
CG17816,3914.65419
CG17819,447
CG17821,874
CG17826,2130
CG17829,2035.204523
CG17834,1366.323396
CG17839,5786.810738
CG17840,2530
CG17841,2892
CG17843,1601
CG1785,1686
CG17855,1534
CG17883,1434.774098
CG1789,661
CG17896,1771.356247
CG17904,876
CG17906,772
CG1791,980.1699719
CG17917,507
CG17919,579
CG1792,1145
CG17928,1447.148236
CG17929,1471
CG17930,1454
CG17931,612.3006846
CG17944,557
CG17959,288
CG17974,834
CG17977,767
CG17982,891.4586465
CG17985,1280
CG17991,865
CG17994,1563
CG17996,330
CG17999,1492
CG18003,1123
CG18004,852.078208
CG1801,5104
CG18011,3130
CG18012,1416
CG18031,1482
CG18048,1210
CG1806,1424.356829
CG18063,1077.04413
CG18065,1432
CG18067,675.0716283
CG18081,555.0846604
CG18088,1907.857575
CG1809,1487
CG18094,1044.493342
CG18095,1769.508322
CG18107,82.002
CG18109,5802
CG1812,3030
CG18128,940
CG18130,2145
CG18131,1255
CG18132,485
CG18135,2650.280775
CG1814,1615.088484
CG1815,5662.764819
CG18155,1848
CG18170,5381.207587
CG18171,2339
CG18173,1727.546557
CG18178,1079.40503
CG18179,671
CG18180,702
CG18190,878
CG18208,9518.005559
CG18213,2793.850336
CG18223,790
CG18231,1349
CG18233,1349
CG18234,1376
CG1824,2310
CG18249,1803.330679
CG18258,1298
CG18259,1856
CG18262,1387
CG18265,7023.179953
CG18266,1605
CG18268,1233
CG18269,720
CG1827,1142
CG18273,4143
CG18278,1478
CG18281,1466
CG18284,1340
CG18294,308
CG18301,1172
CG18302,1945
CG18304,6095.238294
CG18324,976.7370947
CG18327,831.8544883
CG18335,1147
CG18336,460.047623
CG18343,349.4674776
CG1835,397.9315182
CG18367,185
CG18368,3660
CG18371,278
CG1840,519.9882048
CG18404,408
CG18417,1281
CG18418,943
CG18420,1658
CG18428,398.2106869
CG18446,1916
CG18449,566
CG18467,1263
CG18469,310
CG1847,1577
CG18472,1426
CG18473,1083
CG18476,2747
CG18477,1284
CG18478,751
CG18480,2156.489151
CG18493,1367
CG1850,2204
CG18507,1987.042751
CG18508,461.1078343
CG18518,891
CG18528,1477
CG18530,989
CG18536,589
CG18537,408
CG18538,350
CG18539,391
CG18540,428
CG18542,1064
CG18545,461
CG18547,932
CG18549,1805
CG18557,874
CG18558,1614
CG18563,1052
CG18568,1243.819096
CG18577,611
CG18581,461
CG18585,1159.852995
CG18586,1643.210839
CG18596,3466
CG18598,161
CG18599,1648
CG18600,1215
CG18605,1390
CG18606,814
CG18607,545
CG18609,790
CG18622,633.4950811
CG18628,135
CG18635,1874
CG18636,904
CG18641,1591
CG18643,325.7614934
CG18649,290
CG18659,3072.416753
CG18661,654.5474638
CG18662,447
CG18666,315
CG18672,836
CG18673,861
CG18675,1409
CG18731,407.2937394
CG18735,980
CG18744,1137
CG18745,1368
CG18746,1288
CG18747,1209
CG18748,1208.413184
CG18749,3224.848368
CG18754,1412.516296
CG18764,1179
CG18765,1042
CG18766,1418.059334
CG18769,1692.622765
CG18787,1187
CG18788,1605
CG18789,1190
CG18808,1155
CG18809,1992.574112
CG18810,969
CG18812,2102.846444
CG18814,757
CG18815,1050.847108
CG1882,1669.238184
CG18823,468
CG1885,1280.536011
CG18853,958
CG18858,1661.346713
CG18869,1656.299174
CG18870,1869.14932
CG1888,1292.365018
CG1889,1100.08329
CG1890,505
CG1894,1226
CG1896,636
CG1902,1555.690059
CG1907,1424
CG1909,2181.750013
CG1910,2792.58438
CG1924,1988
CG1927,927.9014176
CG1941,1153.340023
CG1942,1106
CG1943,862.3245879
CG1946,990
CG1951,3025
CG1958,781
CG1965,2956.241357
CG1968,1829.921364
CG1969,1091.220344
CG1971,879.8610911
CG1979,3226
CG1983,1057.100785
CG1986,1603.5
CG1988,1856.388535
CG1998,1075.689056
CG1999,892
CG2003,1616.486198
CG2004,1414.538097
CG2006,1698.997971
CG2010,1807.627238
CG2016,808.1985383
CG2017,2060.360255
CG2021,203
CG2023,1916.546352
CG2025,3855
CG2034,962.844765
CG2046,694
CG2051,1386.720824
CG2053,1032
CG2059,943.5136605
CG2061,1875.576723
CG2063,996
CG2064,1011
CG2065,1007.070887
CG2070,1018.15551
CG2076,1186.157332
CG2082,1854.125489
CG2091,1136
CG2100,1393.690447
CG2104,1525.094391
CG2111,2606
CG2113,715.0000002
CG2116,1773
CG2118,2227.154315
CG2120,956
CG2121,1718.122703
CG2124,2583
CG2126,1118
CG2127,1441
CG2129,1818
CG2137,2180
CG2144,2710
CG2145,1797.203977
CG2147,547
CG2150,971
CG2157,777.1306498
CG2162,2000.394249
CG2182,2216
CG2186,6067.471963
CG2187,1972.775697
CG2199,2451.898863
CG2200,901.8759574
CG2201,1993.844479
CG2202,3164
CG2209,553
CG2211,1132.223057
CG2217,2169.656042
CG2218,2212.48499
CG2224,1910.692205
CG2225,4835.133613
CG2233,1281
CG2246,1399.554891
CG2247,3424.371095
CG2254,1205
CG2256,947
CG2258,4593.46669
CG2260,1805
CG2267,1533.5
CG2269,3322.398316
CG2277,1835.45421
CG2278,4003.581014
CG2291,606
CG2292,2873
CG2310,971.5187072
CG2316,2611.098074
CG2321,2838.165848
CG2336,1159
CG2371,955.7881915
CG2444,493.0544257
CG2453,1044.107381
CG2469,3516.992303
CG2493,1525.606836
CG2519,5419.983791
CG2528,2143
CG2533,573
CG2540,1035
CG2543,1860.490514
CG2556,2105
CG2574,697
CG2577,1132
Cg25C,5802.035946
CG2604,1422.614514
CG2608,1278
CG2611,435
CG2614,2046.609669
CG2616,1473.5
CG2617,956.2603424
CG2641,1311
CG2650,814
CG2652,747
CG2656,817
CG2658,2863.871398
CG2662,1533.653515
CG2663,1088
CG2678,1634.148451
CG2680,982
CG2681,2084
CG2685,1753
CG2691,4309.354528
CG2694,2872.033104
CG2698,2948.264217
CG2701,2226
CG2712,1605
CG2736,1527
CG2747,6825.893276
CG2750,5648.053742
CG2765,2097.224063
CG2767,1110
CG2772,1139
CG2781,1775
CG2790,1558
CG2794,2111
CG2807,4016.309087
CG2811,454.9088671
CG2812,1126
CG2816,343
CG2818,2414.405407
CG2837,910.1169375
CG2839,2350
CG2841,4492.135574
CG2846,852.6037651
CG2852,725.842779
CG2854,1444
CG2861,5654.670588
CG2862,369.976729
CG2865,3988.283437
CG2871,1193
CG2875,1567.3217
CG2887,1035
CG2889,1905.221293
CG2898,1056
CG2901,2522
CG2906,1390.633028
CG2909,1819
CG2911,756.604557
CG2915,1428.309077
CG2918,3075.137281
CG2921,1398
CG2924,2581.062537
CG2926,8030.556974
CG2930,2573.367434
CG2931,915
CG2938,3510.03646
CG2941,3335.056325
CG2955,1726
CG2962,1159
CG2964,1731
CG2970,1019.363541
CG2972,1519.644883
CG2974,1001
CG2975,1685
CG2982,2046.939323
CG2983,1108
CG2990,3482.721335
CG2991,2768.355979
CG2993,2951.130415
CG30001,1128
CG30002,1373
CG30007,5506.943884
CG30008,766
CG30010,611.2686741
CG30015,4979.866129
CG30016,247
CG30020,4474.462494
CG30022,1157
CG30025,611
CG30026,622
CG30031,612
CG30033,538.3136149
CG30036,1229
CG30037,1188
CG30039,528
CG30043,2883
CG30046,2710.262403
CG30047,2610
CG30048,3929
CG30049,2597
CG30050,471
CG30051,477
CG30053,889
CG30054,864.0113848
CG30056,397
CG30058,1270.971988
CG30059,1484
CG30060,471
CG30062,411
CG30065,474
CG30069,12609
CG30075,504
CG30076,1630
CG3008,2064
CG30080,1865.729108
CG30082,644
CG30083,669
CG30087,635
CG30088,727
CG30089,3142.870292
CG3009,1606.323651
CG30090,800
CG30091,1482
CG30094,476
CG30095,446
CG30096,931
CG30098,610
CG30099,563
CG30100,512.9014454
CG30101,1346
CG30103,1823
CG30105,443
CG30108,353
CG30109,410
CG3011,1538.468913
CG30110,1853
CG30114,1025
CG30116,6507.38384
CG30120,2334
CG30122,4423.340563
CG3014,2147.657109
CG30148,554.0979526
CG30151,763
CG30154,308
CG30156,1284.666666
CG30157,756.5418748
CG30158,3458
CG30159,1186.705926
CG30160,645
CG30161,647
CG30172,342.9608013
CG30177,1330
CG30178,495
CG30183,5146.601041
CG30184,609
CG30187,1389.125
CG30192,174
CG30195,376
CG30196,297
CG30197,282
CG30203,2678
CG3021,1213
CG30222,1385.125866
CG30259,1572
CG30265,1423
CG30268,3562
CG30269,897.5461937
CG30270,364
CG30271,1586.676513
CG30273,1035
CG30274,2680
CG30275,3782.666667
CG30278,750.686286
CG30280,851.3747209
CG30281,808
CG30283,623
CG30284,919.4027779
CG30285,376
CG30286,725.6650265
CG30287,756
CG30288,766
CG30289,965
CG30291,1456
CG3032,1296.070783
CG30323,760.0305803
CG30324,449
CG30325,2271
CG30334,424.21659
CG30338,840
CG30339,824
CG30340,1033
CG30343,883.5921223
CG30344,1948
CG30345,2018
CG30349,1815
CG30350,1166
CG30355,552
CG30356,339
CG30357,1326
CG3036,2514.331307
CG30369,300
CG30371,1059
CG30373,434.9049036
CG30375,1200
CG30376,742
CG30377,3798.111835
CG30378,955
CG30379,689
CG3038,1512.095865
CG30380,260
CG30381,978.9518472
CG30382,742.6434106
CG30383,767
CG30384,2103
CG30385,1496
CG30389,4264.974259
CG30391,1339
CG30392,915.738195
CG30393,1017
CG30394,2816.773724
CG30395,2671
CG30398,830
CG3040,871
CG30401,989
CG30403,1069
CG30411,1038
CG30412,899.3333333
CG30413,327
CG30414,861.2419664
CG30415,479.424391
CG30416,1648.5
CG30419,3613
CG30423,456
CG30424,791.1632797
CG30427,1713.701776
CG30428,780.6509737
CG30429,861
CG30430,156
CG30431,1650
CG30432,681
CG30438,2277.399955
CG30440,3244
CG30441,207
CG30447,600.3333333
CG3045,1464
CG30456,2341.130304
CG30457,447
CG30458,415
CG30460,4933.481257
CG30461,662
CG30463,3843.677563
CG30466,1619.940974
CG30467,1583
CG30471,2236
CG30472,640
CG30479,1604.405264
CG30480,2917.515534
CG30484,3075
CG30485,2903
CG30486,660
CG30487,529
CG30491,964.3786643
CG30493,1378
CG30495,1406.31815
CG30496,2180
CG30497,4982.516415
CG30499,733.2024043
CG30503,565.339244
CG3061,1782
CG3062,743
CG3065,1574.64665
CG3071,1722
CG3077,1653.072968
CG3078,3780.771985
CG3081,1845.80014
CG3085,1500.645842
CG3088,637
CG3091,1047.391579
CG3092,1103
CG3097,1784
CG31002,1464
CG31007,559
CG31008,330
CG31010,1128.5
CG31013,1567
CG31016,2842.813999
CG31019,1744.949442
CG31021,1297
CG31028,3576
CG31029,2803
CG31030,1451.375
CG31036,3120.844362
CG31038,2946.119512
CG3104,1885.286947
CG31041,501
CG31050,249
CG31051,637.1041182
CG31053,619
CG31055,1811.046991
CG3106,2250.117502
CG31064,2534.076871
CG31068,2217.626485
CG3107,3075.379086
CG31075,1452.337328
CG31076,416
CG31077,2950
CG3108,3379
CG31086,442.3897492
CG31087,1246.000087
CG31088,497
CG31089,1209
CG31091,1298
CG31093,386
CG31097,1278
CG31098,1288
CG31099,1202
CG31100,2299.343374
CG31102,1556.962065
CG31103,1422
CG31104,1183
CG31106,1477
CG31108,3205.092867
CG31109,695.3182057
CG31111,753
CG31115,782
CG31121,3092.529016
CG31122,3048.033035
CG31125,1251
CG31126,390
CG31128,661
CG31131,1029
CG31139,1109.056545
CG31140,5277.859293
CG31141,762
CG31142,445
CG31145,3467.823597
CG31156,2994
CG31157,1121.12661
CG31161,1467
CG3117,1018
CG31174,520.2518438
CG31176,2312
CG31178,985
CG31183,5051.953326
CG31189,632
CG3119,860.5283683
CG31191,4217
CG31195,3802
CG31198,2820
CG31199,814
CG31200,716
CG31204,1435
CG31205,775.018656
CG31206,633
CG31207,636
CG3121,2085
CG31211,2691.564409
CG31213,5741.00002
CG31219,940
CG31220,1222
CG31221,4119.343528
CG31223,1071
CG31224,6584.685052
CG31226,185
CG31229,578
CG3123,1762
CG31230,217
CG31231,2042
CG31233,2789.760147
CG31235,1464.813538
CG3124,980
CG31244,939
CG31245,766
CG31248,701.3380365
CG31249,977
CG31251,861
CG31253,1029
CG31259,1884.443082
CG31262,1800.08972
CG31265,710
CG31266,794
CG31267,722
CG31268,1389
CG31269,738
CG31272,1903
CG31274,1200
CG31275,395
CG31278,675.1954695
CG31279,526.0668733
CG31286,1635
CG31287,1205.221296
CG31288,1178
CG31294,678
CG31296,805.0748283
CG31300,1275
CG31301,1321
CG31313,336.3979123
CG31321,1999
CG31323,2728.726905
CG31324,1961.193571
CG31326,1562
CG31327,2520
CG31337,650
CG31342,3749.575742
CG31343,2805
CG31344,1251
CG31345,785
CG31347,666
CG31357,1482
CG31358,1780
CG31360,450
CG31365,2136
CG31368,4430.521836
CG31370,1209
CG31371,1502
CG31373,522
CG31380,1136
CG31381,1484.563208
CG31388,1344.476024
CG31391,1505
CG31404,782
CG31406,624
CG31407,565
CG31413,1583
CG31415,521
CG31418,518
CG31419,575
CG31431,1399.084679
CG31436,1203
CG31437,653
CG31441,1020.014502
CG31445,2861.841562
CG31446,670
CG31454,1537
CG31457,1143
CG31459,815
CG31460,433.5948337
CG31463,1076
CG31464,542
CG31465,2868.0672
CG31467,1495
CG31468,435.0861988
CG31469,414
CG31473,782
CG31475,2276.212068
CG31482,593
CG3149,1821
CG31493,722
CG31495,1449.670616
CG31496,831
CG31510,4090
CG31515,270
CG31516,1469
CG31517,671.7388267
CG31522,2461.175984
CG31523,2512.135326
CG31524,1490.5
CG31525,972
CG31528,1029
CG31533,2505
CG31538,1959
CG31542,633
CG31546,800
CG31547,3519.805924
CG31548,753
CG31549,821.8543938
CG31550,2632.014834
CG31551,3983
CG31559,1804
CG3156,2146
CG31560,769
CG3160,3475
CG31600,715
CG31601,2180
CG31606,491
CG31609,356
CG31612,3186.13722
CG31624,631
CG31626,1005.11354
CG31627,703
CG3163,1040
CG31633,1253
CG31635,7504.501597
CG31636,1127.187064
CG31637,2439.622457
CG31638,2442.725611
CG31639,288
CG3164,2645.64623
CG31642,1751
CG31643,2730.686682
CG31644,282
CG31648,699
CG3165,1085.193638
CG31650,1376.773571
CG31659,433
CG31661,1142
CG31663,3405.033986
CG31664,1773.326487
CG31668,1764
CG31673,959.2780394
CG31674,1043.620284
CG31675,952
CG31676,885.8895
CG31677,463
CG31678,4645.77524
CG3168,3121.039126
CG31680,328
CG31681,750
CG31683,1795.027887
CG31687,3559.907039
CG31688,4231.120169
CG31689,2388.000026
CG31690,3049
CG31693,1913.5
CG31694,2440
CG31697,458
CG31698,331
CG31702,1511
CG31703,1528
CG31704,175.8168547
CG31705,2242.52068
CG31706,1031.684719
CG31709,956.0608838
CG31710,643.2105184
CG31712,2068.13334
CG31715,380.8868175
CG31717,628.1566938
CG31728,2473
CG31729,3970.954563
CG31730,481
CG31731,4732.361919
CG31735,1143
CG31740,407
CG31741,1847
CG31743,1407.757833
CG31750,1034
CG31751,1715.747932
CG31752,1367
CG31759,2024.881389
CG3176,392.7454144
CG31760,4303.082131
CG31769,887
CG31773,2294
CG31775,212.5363966
CG31776,1765
CG31777,184
CG31778,817.9215077
CG31780,1284
CG31784,2263
CG31785,1288
CG31787,677
CG31788,184.4428992
CG31789,368
CG31792,4072.513308
CG31793,4221.161548
CG31797,2610
CG31798,1530.81834
CG31800,552
CG31802,624
CG31803,730
CG31804,657
CG31805,1858.321978
CG31806,407
CG31807,559.5515728
CG31808,1730
CG31809,1008.550539
CG31810,939
CG31812,1170
CG31813,574
CG31814,3148.040298
CG31815,1301
CG31816,310
CG31817,7004
CG31819,1491
CG31820,241
CG31821,1188.743704
CG31823,1204
CG31826,872.2436429
CG31827,751
CG31832,563
CG31835,1026
CG3184,980
CG31848,617
CG31849,2000
CG31851,661
CG31855,885.4319153
CG31861,565
CG31862,431
CG31867,571
CG31869,3531.828977
CG31870,451.25
CG31871,2133
CG31872,3155.000001
CG31874,1424
CG31875,907.2349577
CG31882,635
CG31883,935
CG31886,2122.387823
CG31897,3170
CG31898,973
CG31904,3373
CG31907,1275.712662
CG31908,1839.552969
CG31909,395.7159085
CG3191,1027.651518
CG31910,706
CG31913,664
CG31915,2288
CG31917,647
CG31918,2068
CG31921,2227
CG31922,298
CG31924,620
CG31926,1160.90924
CG31928,1269.688663
CG31933,1877
CG31935,2859
CG31937,985
CG31948,968
CG31949,501.5
CG31950,321.7335577
CG31952,978
CG31954,779
CG31955,505.2744882
CG31957,517.5515561
CG31960,477
CG31961,1168.796113
CG31974,1247.590889
CG31975,1152.290545
CG31976,1156.455712
CG3198,4797
CG31988,880.1302045
CG3199,661
CG31997,484.5809553
CG31998,5298.305242
CG31999,2813.508591
CG32000,4760.29567
CG32006,1485
CG32017,3430.002226
CG32022,619.9183197
CG32023,326
CG32024,544
CG32026,2183
CG32032,873
CG32036,510
CG32037,1495.126561
CG32039,544.6757023
CG32040,1165
CG32052,2355.893844
CG32053,1419
CG32054,1576
CG32055,1406
CG32061,621
CG32066,1957.427437
CG32069,157
CG32071,254
CG32073,273
CG32074,241
CG32075,1587.285009
CG32079,1175
CG32081,1367
CG32082,4725.313104
CG32085,2831
CG32086,1325
CG32087,1271
CG3209,1520.338792
CG32091,2768
CG32095,1327
CG32099,858
CG32100,1970
CG32102,345
CG32103,2753.871635
CG32104,3569
CG32105,2441.58275
CG32106,4322
CG32107,3693
CG32109,853
CG32110,1177
CG32112,1622.345446
CG32113,11702
CG32115,1361
CG32117,588
CG32119,1586
CG32121,2621
CG3213,2180
CG32137,2584.185595
CG32138,5260.73963
CG32141,714
CG32147,712
CG32148,257
CG3215,1010
CG32150,1596.363153
CG32152,3836.265381
CG3216,3092
CG32161,575
CG32163,649.7495257
CG32164,3492.813552
CG32165,3472.358968
CG32170,1865
CG32174,1122.093508
CG32176,1729
CG32181,2077
CG32182,1243
CG32187,1127
CG32188,150
CG32189,231
CG32191,1918.955611
CG32192,784.0000484
CG32195,1527.89018
CG32196,599.7544339
CG32198,271
CG32199,1493
CG32201,1574
CG32202,417
CG32204,2790
CG32206,7073
CG32212,531
CG32213,327
CG32214,390.350249
CG32219,798
CG3222,1155
CG32221,1407
CG32225,1094
CG32228,2788
CG3223,1289
CG32232,2729
CG32235,398
CG32236,1264
CG32237,2749
CG32238,1831
CG3224,652
CG32240,446
CG32241,1176
CG32243,1440
CG32246,1568
CG32248,420
CG32249,752
CG3225,2188
CG32259,554
CG3226,695
CG32260,1103
CG32262,852
CG32263,604
CG32264,4035.330224
CG32266,327
CG32267,290
CG32269,1423.054952
CG32270,1838
CG32271,726
CG32276,567.7955773
CG32277,651
CG32278,646
CG32280,954.5900548
CG32281,1340
CG32284,258
CG32295,976
CG32298,1006
CG32299,1006
CG32301,3304.073554
CG32302,880
CG32305,3296
CG32313,535.4851686
CG32318,586
CG32319,1012
CG32320,2392
CG32333,5705.913938
CG32335,883
CG32344,2495
CG32354,3052
CG32365,2369.045214
CG32368,211
CG32369,5237.525885
CG32371,885
CG32373,1749.990325
CG32374,701
CG32376,677
CG32379,1039
CG3238,2367.230542
CG32388,791
CG32391,567
CG32392,1921.905197
CG32395,917
CG32396,1450
CG32407,805.272852
CG32409,1032
CG32413,797
CG32425,1100.546033
CG32428,1362.619247
CG32432,4258.010305
CG32436,5208
CG32437,1986
CG32440,434
CG32441,688.7401809
CG32442,734.2266927
CG32444,1081
CG32445,1153
CG32447,2838.742323
CG32448,213.6459878
CG32450,622
CG32452,1894.703553
CG32453,393.5
CG32454,1636
CG32457,389
CG32459,1177
CG3246,1312
CG32461,683
CG32462,1044
CG32473,3029.084285
CG32483,1183
CG32485,937
CG32486,2157
CG32487,841
CG32488,943.5
CG32495,1706.857131
CG32500,885
CG32506,4820.886656
CG32507,807
CG3251,1486
CG32512,1983.324951
CG32521,1461.323989
CG32523,692
CG3253,1334
CG32532,4079
CG32533,3341.978
CG32536,688
CG32537,1953.054053
CG32544,1408.909944
CG32547,4281.801775
CG32548,1183
CG32549,2279.738315
CG32551,194
CG32554,618
CG32557,1932
CG32563,317
CG32564,1249
CG32568,1390.999625
CG3257,2712
CG32572,2065
CG32573,1159.565636
CG32576,1072.387182
CG32579,1069.680341
CG32581,1166.299268
CG32588,478
CG3259,1644
CG32590,500
CG32591,1300
CG32599,1034
CG32603,945
CG3262,923.7650377
CG32625,396
CG32631,1090
CG32633,841.147162
CG32638,1374
CG32639,443
CG3264,1630.929962
CG32640,267
CG32641,267
CG32642,1158.13791
CG32643,349
CG32645,3338
CG32647,3652.456254
CG32649,2081
CG32650,968
CG32651,3520
CG32655,1051
CG32668,2477
CG32669,2186
CG3267,1942
CG32676,5300.167281
CG32679,685
CG32681,4503
CG32683,4735.223757
CG32686,3390.098941
CG32687,2157.975305
CG32694,2585.644407
CG32695,303.789804
CG32698,2283.25749
CG3270,1250
CG32700,2693.767825
CG32706,673
CG32708,656
CG32712,401
CG32713,540.7288212
CG32718,763.0425502
CG32719,3846
CG32720,1136
CG32726,145.2309318
CG32727,389
CG32732,1990
CG32736,437.5204659
CG32750,1446
CG32751,1434.712638
CG32755,1148
CG32756,1776.503912
CG32758,2940.802765
CG32762,623
CG32767,7684.777107
CG3277,3276
CG32772,2476.735246
CG32783,3107
CG32786,3108
CG32793,2488
CG32795,1572.99882
CG32797,732
CG32801,738
CG32803,649.5379881
CG32806,604
CG32808,864
CG32809,5688.309162
CG3281,1671
CG32811,205
CG32812,1090.779311
CG32813,3275.520732
CG32814,1465
CG32815,2820.859206
CG32816,1518.871033
CG32817,492.226396
CG32819,1860.501546
CG32820,1939.515223
CG32829,666
CG32832,491.5551115
CG32833,863
CG32834,1553
CG32845,1773
CG32846,1146.151988
CG32847,531
CG3285,1428.407282
CG32850,2544.611206
CG32855,1814
CG32856,396.257114
CG32857,860
CG3288,605.5845089
CG3292,1514
CG32939,1065
CG3294,1243.611592
CG32944,2031.97373
CG32945,507
CG3295,1654
CG32971,544.4523066
CG32982,2483.329926
CG32983,622
CG32984,1736
CG32985,1763
CG32986,769
CG32987,838
CG32988,630
CG33003,1769.211984
CG3301,773.5867226
CG33012,2650
CG33017,4959.111175
CG3303,1446
CG33051,520
CG33052,1192
CG33054,503.3408629
CG33056,1337.388374
CG33057,2869.489694
CG3306,827
CG33060,269
CG33061,1079
CG33062,741.8074582
CG3308,1925
CG33080,2798.895724
CG33082,1706.532298
CG3309,2414.443722
CG33090,3224.434855
CG33093,856
CG33095,3361.018774
CG33096,2678.463513
CG33098,771.166902
CG33099,1049
CG33107,868
CG33108,692.606991
CG33109,826
CG33110,1806
CG33111,2133.75647
CG33116,2313
CG33120,2102
CG33124,1895
CG33125,3731.000001
CG33127,792
CG33128,1188
CG33129,1462.829459
CG3313,1593.896494
CG33136,802
CG33137,424
CG33140,2142
CG33143,4692.662947
CG33144,4538.018591
CG33155,614.9530578
CG33156,1700.466541
CG33158,3237
CG33159,575
CG33160,626
CG33169,225.5323287
CG33170,297.4754498
CG33172,3006
CG33177,663
CG33178,422.5452281
CG33181,3257.057212
CG33189,478
CG33191,1346
CG33199,919.522985
CG33203,3032.550094
CG33213,1080
CG33217,2028
CG33223,704.9648734
CG33225,780
CG33226,680
CG33228,553.2413813
CG33229,1331.511175
CG3323,2429
CG33230,1555
CG33233,969.4257778
CG33234,1318.032818
CG33235,4829
CG33252,620
CG33253,1794.722736
CG33257,794
CG33258,697.9085057
CG33259,237
CG3326,1786.90089
CG33260,703
CG33262,428
CG33263,650
CG33267,543
CG33268,161
CG33269,584
CG33270,189
CG33271,291
CG33272,68.0268
CG33276,192
CG33278,1108
CG3328,4622.435785
CG33281,1395
CG33282,1384
CG33284,933
CG33285,568
CG33286,3095
CG33287,3235
CG33288,3491
CG33290,455
CG33293,462
CG33296,1712.165337
CG33298,5814.613143
CG33299,578.2326381
CG3330,991
CG33301,1231.129691
CG33303,1360.307008
CG33306,601
CG33307,407.7732352
CG33308,710
CG33309,1580
CG33310,2433
CG3332,2222.510576
CG33322,1400
CG33325,766
CG33331,1085
CG33332,1116
CG33333,377
CG33337,1928
CG33339,819
CG33340,953
CG33341,747
CG33342,461
CG33346,897
CG3335,2727
CG3337,816.7671592
CG3339,14589
CG3342,1510
CG3344,1281
CG3345,2218
CG33453,413
CG33454,323
CG33458,697
CG33459,715
CG33460,747
CG33461,665
CG33462,826
CG33463,275
CG33465,1411
CG33467,362
CG33468,408
CG33469,408.2396591
CG3347,1709
CG33470,765.01492
CG33474,876.6557557
CG33475,245
CG33476,299
CG33477,398
CG3348,344
CG33483,529
CG33489,1486.5
CG3349,2209
CG33490,1546
CG33493,388.5347453
CG33494,605.1187172
CG33500,68.0268
CG33502,861
CG33506,874
CG33509,1206
CG33510,1367
CG33511,1049
CG33514,980
CG33521,2364.035366
CG33543,2578
CG3355,1048.5
CG33552,589
CG33557,475
CG3356,3757
CG3358,838.4782233
CG33626,305
CG33627,353
CG33630,440
CG33631,389
CG33632,344
CG33635,570
CG33639,3970.129932
CG33640,338
CG33641,522
CG33642,503
CG33643,338
CG33644,278
CG33645,323
CG33647,374
CG33648,510.6646383
CG33654,308
CG33655,1965.470823
CG33658,347
CG33664,422
CG33665,454
CG33666,467
CG33667,448
CG33668,417
CG33669,388
CG33671,1714.961824
CG33672,1777
CG33673,599
CG33679,556
CG3368,3359
CG33680,638
CG33687,593
CG33688,329
CG33689,338
CG33690,314
CG33695,1215.370948
CG33700,917
CG33702,341
CG33703,347
CG33704,524
CG33710,516
CG33713,1079.839235
CG33721,347
CG33722,1456.073381
CG33723,344
CG33725,419
CG33752,359
CG33757,338
CG33758,338
CG3376,2865.87133
CG33764,344
CG33766,338
CG33767,368
CG33768,305
CG33769,341
CG33770,359
CG33771,338
CG33772,359
CG33773,406
CG33774,111
CG33775,350
CG33777,320
CG33783,296
CG33784,353
CG33785,1046
CG33786,1046
CG33791,4851.016175
CG33792,479
CG33795,338
CG33796,341
CG33798,338
CG3386,1245.415319
CG33912,299
CG33914,1374.915982
CG33919,377
CG33920,344
CG33922,338
CG33923,338
CG33926,619.4648852
CG33927,350
CG33928,344
CG33932,1108.895058
CG33934,1820
CG33939,354
CG3394,2120.30537
CG33946,111
CG33947,832
CG33958,2477
CG33964,2046
CG33965,827
CG33966,964
CG33969,1464.207423
CG3397,988
CG33970,2432.74299
CG33977,226
CG33978,7261.894945
CG33981,6128.739578
CG33985,661
CG33986,672
CG33993,1944.382033
CG33995,2233.100649
CG33998,390
CG34001,385.7256687
CG34002,949
CG34005,434
CG34007,270
CG34008,516
CG34010,677
CG34011,891
CG34012,352
CG34015,395
CG3402,836
CG34021,561
CG34025,1003
CG34026,275.3221206
CG34027,4361
CG34028,371
CG34029,261
CG34030,623
CG34031,541
CG34033,367
CG34034,438
CG34038,909.6388104
CG34039,500
CG34040,781
CG34041,498
CG34043,1028
CG34045,382
CG34049,768
CG34051,569.006922
CG34054,346
CG34056,1104
CG34057,1019.554793
CG3407,2219
CG3408,1688.651994
CG3409,4933.457874
CG34105,375
CG34106,2995.354368
CG34107,412
CG34109,2352
CG34112,765.5503742
CG34113,7478.486794
CG34114,5457.995523
CG34115,219
CG34116,597
CG34117,229
CG34120,7124.168115
CG34124,6035
CG34125,469
CG34126,5774.946545
CG34129,773
CG34130,775
CG34132,336
CG34133,4004.999194
CG34134,286
CG34135,7154.893302
CG34136,507
CG34137,688.0014286
CG34138,549
CG34140,1533
CG34141,2577.546301
CG34148,396.6239948
CG34149,853.2531445
CG34150,296
CG34155,2420
CG34159,737
CG34160,298
CG34161,365.3333333
CG34162,1506
CG34163,278.9722854
CG34164,1572
CG34165,393.0581495
CG34166,249.303766
CG34167,462
CG34168,293
CG34169,426
CG34170,134.5
CG34171,1005.0424
CG34172,142.0148809
CG34173,216
CG34174,521
CG34175,463
CG34176,202
CG34177,683
CG34178,572.3333333
CG34179,1835.918453
CG34180,177
CG34181,596
CG34183,334
CG34184,516
CG34185,251
CG34188,607
CG34189,283
CG34190,901
CG34191,311.9956702
CG34193,1858.282853
CG34194,276.8556242
CG34195,985
CG34196,311
CG34198,333
CG34199,495
CG3420,378.3629426
CG34200,122
CG34201,956
CG34202,892
CG34203,336
CG34204,283.5
CG34205,761
CG34206,658
CG34207,327
CG34208,181
CG34210,366
CG34211,15.9266
CG34212,107.2840014
CG34213,319
CG34214,338
CG34215,245
CG34216,1391
CG34217,539
CG34219,885.4364911
CG34220,2188
CG34221,702.4706109
CG34222,385
CG34223,86.0009
CG34224,274
CG34225,391
CG34227,286
CG34228,216
CG34229,275
CG34230,347
CG34231,1295
CG34232,552.0762056
CG34234,404
CG34235,1562
CG34236,509.0433601
CG34238,555
CG34241,228
CG34242,156.9809987
CG34244,505.9362743
CG34245,361
CG34247,154
CG34248,334
CG34250,158.4438019
CG34251,681.4703714
CG34253,285
CG34254,119
CG34256,563
CG34258,424
CG34259,1082
CG34260,344
CG34261,597
CG34263,59.1108
CG34264,348
CG34265,268
CG34266,203
CG34267,176
CG34268,174
CG34269,461
CG34273,247
CG34274,640
CG34276,1620
CG34277,899
CG34278,145
CG34279,490.5
CG34280,177
CG34281,249
CG34282,263
CG34283,368
CG34284,321
CG34286,404
CG34287,752
CG34288,237
CG34289,335
CG34290,733
CG34291,68.0268
CG34292,645
CG34293,284.0235931
CG34295,668
CG34296,221
CG34297,571
CG34298,349
CG34299,199
CG3430,1774
CG34300,432.0001169
CG34301,108
CG34302,626
CG34303,221
CG34305,101
CG34307,519
CG34308,641
CG34309,389
CG34310,1190.237413
CG34312,974.9616514
CG34313,2040
CG34315,3116
CG34316,708
CG34317,969
CG34323,573
CG34324,836
CG34325,1037.958943
CG34327,649
CG34328,298
CG34330,456.1114077
CG34331,409.8419601
CG34332,213
CG34334,2357
CG34337,172
CG34338,226
CG3434,1173
CG34342,1460.51206
CG34345,1578
CG34347,6657.384737
CG34348,1991
CG34351,3024
CG34353,4716.324127
CG34354,3913.286212
CG34355,5223.822982
CG34356,4897.163135
CG34357,6748.440932
CG3436,1098.443406
CG34362,5744.977431
CG34367,940.2878275
CG3437,927
CG34370,4108.833333
CG34371,5561
CG34375,1878.381267
CG34376,2174.837039
CG34377,4848
CG34380,5289.093729
CG34382,2672.629135
CG34383,8889.344403
CG34384,8059.518217
CG34386,1719.491008
CG34393,2458.333147
CG34394,5504.944604
CG34396,2577.037242
CG34398,5901.485346
CG34401,10193.34588
CG34402,1761
CG34404,2604.476911
CG34408,4280.994976
CG34409,2015
CG34417,5684.540667
CG34423,246.6529689
CG34424,534.1615979
CG34425,1555
CG34426,823
CG34427,666
CG34428,494
CG34429,551
CG34430,596
CG34431,2352
CG34432,524
CG34433,636
CG34434,1492
CG34435,885
CG34436,654
CG34437,677
CG34442,632
CG34443,591
CG34444,721
CG34445,328
CG34446,151
CG34447,1064
CG34448,853
CG34449,5400.245949
CG34450,1273
CG34451,852.5289638
CG34452,860.7561643
CG34453,506
CG34454,404
CG34456,428
CG34457,1068
CG34458,658
CG34459,973.5362612
CG34460,515
CG34461,1577.147689
CG34462,958
CG3448,829
CG3457,699.55449
CG3473,483.5
CG3476,1046
CG3483,1141
CG3491,5661
CG3492,1316
CG3494,705.0000326
CG3499,2397.229015
CG3500,610.8891945
CG3502,2972
CG3505,986
CG3511,1879.474499
CG3513,224
CG3515,1312
CG3517,1222
CG3520,3791
CG3526,661
CG3527,771
CG3528,684
CG3529,1920.164828
CG3530,2620.752582
CG3534,1780
CG3542,2707
CG3544,3796.315843
CG3546,2047
CG3548,2019
CG3552,1195.736531
CG3556,3554.185474
CG3557,742
CG3558,3997.659112
CG3565,700
CG3566,402.0127401
CG3568,1494
CG3570,900
CG3581,834
CG3587,906
CG3588,2249.569265
CG3589,1573
CG3592,641
CG3594,664
CG3597,1024.346324
CG3598,848
CG3603,766.1613747
CG3604,382.6176449
CG3605,2254.257865
CG3609,946.7349917
CG3610,1496
CG3611,1720
CG3618,2383.453638
CG3625,893.3219734
CG3626,3586
CG3630,1632.165542
CG3631,2520.043277
CG3632,3910.156768
CG3634,2065.711585
CG3635,1144.0953
CG3638,6689.774036
CG3640,795
CG3645,1539.439913
CG3649,1370
CG3650,1008
CG3651,2601.899179
CG3652,668
CG3655,4179.679219
CG3662,1466.545901
CG3663,581
CG3669,902
CG3678,1010.952035
CG3679,3012.34929
CG3687,509
CG3689,1547.595726
CG3690,2033.932432
CG3698,936
CG3699,640
CG3700,984
CG3702,2077.722921
CG3703,2297
CG3704,1316
CG3706,1346
CG3708,1102
CG3709,1500
CG3711,4027.936715
CG3713,548.0901691
CG3714,2540.916951
CG3719,632
CG3726,2875.86424
CG3732,1063
CG3734,1361.391261
CG3735,2146.699646
CG3739,1387
CG3740,630
CG3744,4230.146859
CG3746,411.6159099
CG3748,1604
CG3756,954
CG3760,949.9453635
CG3764,5231.974387
CG3769,1134
CG3770,1123.607314
CG3773,1048
CG3775,2163.75275
CG3776,750.4320338
CG3777,3202.244634
CG3781,752
CG3788,1455.740597
CG3790,1748
CG3792,995
CG3793,1427.744366
CG3795,982
CG3797,2724.783542
CG3800,2053.746174
CG3803,1141
CG3808,2323
CG3809,1228
CG3812,3171.165667
CG3814,802.7202167
CG3815,3033
CG3817,680
CG3819,1129
CG3822,3408
CG3823,1083
CG3829,2308.997778
CG3831,1359.087101
CG3838,2244.075379
CG3841,1805.785411
CG3842,1733.897393
CG3847,1935
CG3857,2142
CG3860,1908.040174
CG3862,1334
CG3868,982
CG3876,1171
CG3880,1252
CG3887,781.4679538
CG3894,1343
CG3902,1386
CG3906,650
CG3907,1511.94219
CG3909,903
CG3916,754
CG3918,1609
CG3919,1164.19051
CG3925,1862
CG3927,878
CG3939,579.0519426
CG3940,1310.223576
CG3942,2207
CG3955,798
CG3961,3091.881359
CG3964,3238
CG3967,1963.439653
CG3982,1256
CG3984,1532
CG3987,1284
CG3995,986
CG3999,2927.246371
CG4000,800
CG40006,2391
CG4004,1626.798714
CG40045,548.8696102
CG4009,1947.464663
CG40160,1516.18868
CG4017,1417
CG40178,2743.771702
CG4019,880.863911
CG40191,1402.409149
CG40198,1105.527546
CG4020,1589.466891
CG4021,1002
CG4022,3517.964983
CG40228,269.8635336
CG4025,1041
CG40298,962
CG4036,772.9078512
CG4038,758
CG4041,2524
CG4042,756.1678615
CG40439,491.9970845
CG4045,724
CG40470,2791
CG40472,261
CG40485,902.578026
CG40486,756.5348595
CG4049,5916
CG40498,1345.319816
CG4050,3198.158573
CG4053,726
CG40635,65.044
CG4065,2339.110023
CG4066,1568
CG4069,1510
CG4073,905
CG4074,913.6908714
CG4078,3172.633179
CG4080,3144.873069
CG40813,443
CG4089,1823
CG4095,1448
CG4096,3545.486616
CG4098,955
CG4101,266
CG41099,3549.767106
CG41106,758
CG41128,165
CG4115,916
CG4116,709
CG4119,3620.500498
CG41242,284
CG41284,824
CG4133,2364.919341
CG41378,535.6056222
CG41434,1344.5
CG4151,1108
CG41520,2365.72501
CG41561,1229
CG41562,443
CG4159,1264.944356
CG4161,1735
CG4164,1289
CG4168,5652.960665
CG4174,3062.598515
CG4186,234.4662453
CG4194,898
CG4198,1665.72373
CG4199,2133.698318
CG4203,1887
CG4210,483
CG4213,4179.658371
CG4218,431
CG42231,1308
CG42232,10702
CG42233,2833
CG42235,2247.902385
CG42237,1241.866252
CG42238,2404.907632
CG42239,234
CG42240,1979.231412
CG42245,4912
CG42246,293.682079
CG42249,1620.992508
CG42255,10999
CG42258,2179.093979
CG42259,413.8840867
CG42260,6207.697555
CG42261,5648
CG42263,890
CG42264,1718.5
CG42265,7799
CG42266,1750
CG42268,4182.880121
CG42269,2163
CG42271,2466.758115
CG42272,1756.91355
CG42284,1366.149116
CG42287,327
CG42288,444.5
CG4229,750
CG42296,3007
CG42299,480
CG4230,1917.398408
CG42300,527
CG42302,560
CG42304,2502.943183
CG42305,522.4913534
CG42306,1775.776492
CG42307,521.7975349
CG42308,437.5204659
CG42313,5024.861275
CG42319,812.4048105
CG42321,4276.392687
CG42322,3180.494669
CG42323,868.3503054
CG42324,4514.450874
CG42326,3293.99363
CG42327,5342
CG42329,2278
CG42331,4559.862065
CG42335,2587
CG42336,401.3280686
CG42337,3711
CG42339,2140.734831
CG42340,4602.700645
CG42342,3988.63376
CG42346,8444.777077
CG42353,5721.435611
CG42354,2766.503269
CG42355,507
CG42356,1071
CG42357,1151
CG42359,767
CG42360,1737
CG42361,802
CG42362,1520.966934
CG42363,1520.966934
CG42364,441
CG42365,709
CG42366,2416.394603
CG42367,291
CG42369,1198
CG42370,1879
CG42371,492
CG42372,512.9014454
CG42374,1111.705039
CG42375,918
CG42376,433.9606033
CG42379,2063.796315
CG4238,3581.652981
CG42380,2063.796315
CG42381,2060
CG42382,686
CG42383,978
CG42389,6585.663959
CG4239,1584.381781
CG42390,5117.029042
CG42391,596
CG42392,441
CG42393,943
CG42394,364.2574475
CG42395,652
CG42397,452
CG42399,5102.424788
CG42402,4167.940115
CG42404,5233.36669
CG42445,845.2306514
CG42446,877
CG42449,947
CG42450,8340.460827
CG42455,960.485084
CG42456,2127
CG42458,3532
CG42460,212
CG42464,101
CG42465,202
CG42467,162
CG42470,328
CG42471,131
CG42481,31.3862
CG42486,606.7613079
CG42487,1519
CG42488,1959
CG42489,212.3632924
CG42492,4235.434271
CG42493,391
CG42494,860.3397109
CG42495,455
CG42496,872.3749761
CG42497,492
CG42498,615
CG4250,417.2500324
CG42500,187.4411664
CG42502,673.6814007
CG42503,1221
CG42504,3247
CG42505,3247
CG42507,4160.909213
CG42511,2568
CG42512,1370.252348
CG42514,1903.231931
CG42516,1692.504134
CG42518,645.9699738
CG42521,258
CG42523,620
CG42524,1792.034232
CG42525,1136
CG42526,1399
CG42529,1210
CG42531,379.5975708
CG42534,5502.477718
CG42535,475
CG42536,564
CG42537,177
CG42538,71.016
CG42540,3105.509417
CG42541,8509.720949
CG42542,1542.905971
CG42544,164
CG42553,1052
CG42554,824
CG42556,1133
CG42557,896
CG42558,896
CG42559,719.8545934
CG42560,384.6437942
CG42561,367
CG42562,283
CG42564,1388
CG42565,556.3459169
CG42566,435.3858624
CG42568,1270.389439
CG42570,1775.142438
CG42571,824
CG42577,219
CG42578,134
CG42579,214
CG42580,213
CG42581,59.1108
CG42583,179
CG42585,1026
CG42586,212.5363966
CG42587,80.003
CG42588,8351.477249
CG4259,1059.277029
CG42590,656
CG42591,309
CG42592,480
CG42594,4635.215204
CG42597,477
CG42598,959
CG42613,6197.757548
CG42615,222
CG42633,927
CG42634,829
CG42635,633.5
CG42637,6026.159183
CG42638,2871
CG42649,25.9389
CG42650,566
CG42654,268.5
CG42655,320
CG42656,56.1701
CG42658,566
CG42659,230
CG4266,4182.472349
CG42660,2365
CG42661,2365
CG42662,354.1549606
CG42663,3849.733743
CG42666,3406.509533
CG42668,3444.155096
CG4267,1248.987688
CG42671,5471.498371
CG42672,4953.543287
CG42673,3534.00479
CG42674,6912.198952
CG42675,1497.775577
CG42676,1326.22645
CG42680,52.2911
CG42681,145
CG42682,470
CG42684,5830.631267
CG42685,4803
CG42688,392
CG4269,483.3957058
CG42690,822
CG42691,308
CG42692,404
CG42693,209
CG42694,2170.152192
CG42697,619
CG42699,4097
CG4270,436
CG42700,2378.892064
CG42703,289
CG42704,302
CG42705,217.2431399
CG42709,1939.708748
CG4271,565
CG42710,503
CG42711,784
CG42713,350
CG42714,252
CG42716,126
CG42717,174
CG42718,152
CG42724,3902.389196
CG42726,2086
CG42727,2086
CG42728,378
CG42729,408
CG42732,6342.066942
CG42733,320
CG42740,2170.60359
CG42741,3254
CG42747,2658
CG42748,5676.551581
CG42749,1212.566908
CG42750,6321.317541
CG42751,223
CG42752,592
CG42753,464
CG42758,432
CG42759,160
CG42762,394
CG42763,461
CG42764,593.1530662
CG42766,480
CG42778,363
CG42779,184.5739
CG4278,864
CG42780,602.2966757
CG42781,59.1108
CG42782,146.2574195
CG42784,4458.351721
CG42787,187
CG42788,6485.260892
CG42789,193
CG42792,269
CG42795,9486.035746
CG42797,4788.897448
CG42798,314.5
CG42806,604
CG42807,807.8480141
CG42808,441
CG42809,378
CG4281,2465
CG42810,304
CG42811,443
CG42812,492
CG42813,811.1696606
CG42814,597
CG42815,209
CG42816,4578
CG42817,5549.960473
CG42818,3301
CG42819,405
CG4282,2194
CG42820,2178
CG42821,249
CG42822,379
CG42823,309
CG42824,265
CG42825,1553
CG42826,1223
CG42827,256.4850697
CG42828,272
CG42830,521
CG42831,1067
CG42832,53.2554
CG42833,196
CG42834,337
CG42835,153
CG42837,1932
CG42841,633
CG42846,365
CG42847,618
CG42851,584
CG42852,8.64817
CG42853,802
CG42854,1278
CG42855,746
CG42857,422
CG4286,622
CG42866,204
CG42867,239
CG42869,84.0013
CG4287,1448.762586
CG42870,169
CG42876,922.2549866
CG42878,141
CG4291,1065.774355
CG4293,1539.309922
CG4294,4467.099161
CG4297,6368.743038
CG4300,1781.063322
CG4301,4498.72023
CG4302,1555
CG43049,534.5
CG43050,920
CG43052,292
CG43054,332
CG43055,404
CG43056,104
CG43057,319.2614722
CG43058,256
CG43059,178
CG4306,830
CG43060,280
CG43061,130
CG43062,385
CG43063,289
CG43064,1386.482583
CG43066,4245.704569
CG43068,596
CG43069,217
CG43070,291.5
CG43071,143.3511607
CG43072,188
CG43074,478
CG43075,558
CG43076,572
CG43077,801
CG43078,7212.276148
CG43082,95.0001
CG43083,231
CG43084,251
CG43085,767.9079425
CG43088,986
CG43089,369.5
CG43090,425
CG43091,350
CG43092,523
CG43093,277
CG43094,111
CG43095,355
CG43098,458
CG43101,206
CG43102,7446.712639
CG43103,283
CG43106,698
CG43107,172
CG43108,457
CG43109,62.0706
CG43110,6885.707909
CG43111,354
CG43112,141
CG43114,78.78792551
CG43115,489
CG43116,698
CG43117,120
CG43120,1071
CG43121,304
CG43123,790
CG43124,585
CG43125,578
CG43127,493.5
CG4313,1816.810153
CG43131,252
CG43133,342
CG43134,191.2165525
CG43135,25.324
CG43136,505
CG43137,343
CG43138,294
CG43139,269
CG43143,6156.074412
CG43145,162
CG43147,57.1478
CG43149,680
CG43153,530
CG43155,1563
CG43156,131
CG43163,7686.666773
CG43165,333
CG43167,384
CG43168,879
CG43169,217
CG43171,306.0774128
CG43172,251.1498098
CG43175,259.9928361
CG43178,306.0774128
CG43179,502
CG4318,1265
CG43181,369
CG43182,52.2911
CG43183,409
CG43184,126
CG43185,271.5
CG43187,1357.532444
CG43188,596
CG43189,402
CG43190,465
CG43191,817
CG43192,370
CG43194,645.5617223
CG43195,710
CG43198,332
CG43200,288
CG43201,398
CG43202,191
CG43203,582
CG43204,442
CG43206,233
CG43207,256
CG43208,167
CG43209,171
CG43210,564.3327108
CG43218,483
CG43219,466
CG43220,8.39114
CG43221,223
CG43222,173.1926481
CG43229,176
CG43230,600
CG43231,981
CG43232,575
CG43233,338.0000055
CG43235,479
CG43236,61.35710634
CG43237,283
CG4324,1540.010723
CG43244,236
CG43245,891
CG43246,389
CG43248,365.9881162
CG43249,125
CG4325,563.4233876
CG43251,51.331
CG43254,286
CG43255,291
CG43267,159
CG43271,150
CG43272,225.5
CG43273,417.9350707
CG43277,216
CG4328,1769
CG43288,143
CG4329,3582
CG43290,385
CG43291,1105.522145
CG43292,306
CG43293,277.992824
CG43294,370
CG43295,305
CG43296,246
CG43307,97.0001
CG43308,284
CG43312,619
CG43313,4126.992772
CG43315,345.4321555
CG43316,377
CG43317,664
CG43318,419
CG43319,29.2345
CG4332,2057
CG43320,1098
CG43321,343
CG43322,1073
CG43324,547
CG43325,992.7286631
CG43326,291.2143265
CG43327,1327
CG43328,1018.831436
CG43329,533
CG43330,356
CG43331,654
CG43332,1826
CG43333,4115
CG43335,647
CG43336,641
CG43337,1251.186074
CG43338,2432
CG43339,1248.5
CG43340,3255.41426
CG43341,841
CG43342,549
CG43343,3987.144597
CG43345,2077.097919
CG43346,516.3987748
CG43347,9131.191571
CG43348,131.5415603
CG43349,196.660528
CG4335,999
CG43350,140
CG43351,43.8484
CG43354,18.2087
CG43355,836.1590612
CG43362,7.19434
CG43366,7513
CG43367,9651.382602
CG43370,4056
CG43371,366
CG43373,5928.071215
CG43376,104
CG4338,754
CG43386,752.4380523
CG43389,724
CG43390,19.9697
CG43391,13.7365
CG43392,119
CG43393,939
CG43394,2626.077775
CG43396,376
CG43397,754.6075422
CG43400,365
CG43401,309
CG43402,460.8121438
CG43403,397
CG43407,289
CG4341,3683.93848
CG43427,5050.767107
CG43438,441
CG43439,791
CG43441,371
CG43445,399
CG43446,1165.162752
CG43447,335
CG43448,330
CG43449,526.5
CG43450,82.002
CG4360,3312.706949
CG43618,29.9375
CG4362,630
CG4363,488
CG43630,52.2911
CG43638,579
CG4364,1925
CG43645,223
CG43646,245
CG43647,242
CG43658,7396.664522
CG43659,137
CG43666,824
CG43667,708
CG43668,477
CG4367,678.5
CG43672,4696
CG43673,682
CG43675,1674.44643
CG43677,704
CG43678,118
CG43679,241.8724515
CG43680,155
CG43689,5925.802947
CG43691,3415
CG43693,2214.552014
CG43694,229
CG43702,106
CG43703,119
CG43707,2500.177926
CG43709,416
CG43710,824
CG43711,1040
CG4372,995
CG43725,251
CG43729,5358.805932
CG43731,604
CG43732,3118.69114
CG43736,4693.492587
CG43737,7579.232002
CG43739,4664
CG4374,4588.639228
CG43740,1657.599345
CG43742,1309
CG4375,594
CG43750,794
CG43755,1758.984918
CG43759,4715.934427
CG43760,212
CG4377,589
CG43773,96.0001
CG43774,239
CG43775,2760
CG43776,1977.92048
CG43777,1615.179711
CG43778,5282.110611
CG43779,637
CG43780,1230.900823
CG43781,1230.900823
CG43783,4354.003113
CG43784,442
CG43788,152
CG43789,40.2855
CG43795,5692
CG43796,433
CG43797,590
CG43798,548
CG43799,655
CG43800,374.3332084
CG43813,346
CG43814,586
CG43815,215
CG43816,610
CG4382,1623
CG43829,245
CG43841,158
CG43843,1025
CG43844,411.9447375
CG43850,659.7069126
CG43851,277
CG4386,1311
CG43861,3027.27318
CG43867,6722.159022
CG43880,357
CG43885,248
CG43886,148
CG43894,720.75
CG43895,405
CG43896,4008
CG43897,2645.950836
CG4390,828.5608026
CG43901,10055.13314
CG43902,6258
CG43915,687
CG43919,275
CG43920,98.80637745
CG43921,6921.659638
CG43922,176
CG43923,322
CG43924,322
CG43925,115
CG4393,5596.291073
CG43931,746
CG43935,173
CG43938,1287
CG43954,4214
CG43965,14.3155
CG43968,2904
CG4398,623
CG43980,4797.242605
CG43982,502
CG43993,191
CG43996,868
CG43997,345
CG43998,737.5838074
CG43999,918.3730385
CG44000,2116.13698
CG44001,2116.13698
CG44002,1074
CG44004,1042.465011
CG44005,1101.817509
CG44006,1041
CG44008,593.4021087
CG44013,569.1883704
CG44014,647
CG44037,786
CG44038,63.0604
CG4404,1497
CG44040,115
CG44044,153
CG4406,1004
CG4407,1122.928794
CG4408,1483.49749
CG44085,3617.251531
CG44088,339
CG4409,740
CG44090,178
CG44094,82.002
CG44098,3484.212984
CG44102,677.2259835
CG44139,46.6066
CG44140,235
CG44141,235
CG44142,135
CG4415,1098.795082
CG44153,7027.875
CG44158,305
CG44163,292
CG44174,251
CG44194,551.5245093
CG44195,5954
CG44227,185
CG4424,1059
CG44242,240.8501043
CG44243,1898.984851
CG44245,1654.760882
CG44247,3338.056541
CG44249,1291
CG44250,885.7022506
CG44251,1634.317442
CG44252,2366.602135
CG44253,269
CG44257,345
CG44259,350
CG44261,277
CG44270,513
CG44271,295
CG44286,950.6619737
CG44290,141
CG44296,211
CG44303,199
CG44314,775.004258
CG44325,574.6981102
CG44329,396
CG4433,2012.922312
CG44335,664
CG4434,1596
CG44341,747
CG44355,778
CG44362,125
CG4438,671.5
CG44385,874
CG44388,10.1687
CG4440,210.2761579
CG44403,1198
CG44405,1734
CG44406,133
CG44422,3682.0554
CG44426,384
CG44428,395
CG44433,2292
CG44434,5060
CG44435,3387.348378
CG44437,894
CG44438,876
CG44439,301
CG4447,692
CG44475,144
CG44476,91.0003
CG44477,415
CG4452,1450.07069
CG44521,500
CG44532,764
CG4455,1329
CG44569,975
CG44574,294
CG4459,1863
CG4461,665
CG4462,1995
CG44622,543
CG44623,430
CG44624,152
CG44625,202
CG4465,1718
CG4467,6404.284087
CG4476,2201
CG4477,784
CG44774,3165.959728
CG4480,1038
CG44812,98.0001
CG44815,199
CG4483,1300
CG44836,1611.263717
CG44837,3670.740458
CG44838,3873.517835
CG44869,179
CG4495,1716.727383
CG44954,573
CG44956,501
CG4496,2067.108726
CG4497,2379.25212
CG4500,2007
CG45002,6924.522515
CG45011,213
CG45012,68.0268
CG4502,1870.418172
CG45049,2230.71745
CG45050,3366.762043
CG45057,697.2880387
CG45060,302
CG45061,294
CG45062,2394
CG45063,658
CG45064,3160
CG45065,3160
CG45066,851
CG45068,3022
CG45069,3018.553155
CG45071,1653.213602
CG45072,923
CG45073,617
CG45075,3969
CG45076,1700.47639
CG45078,1726
CG45079,111
CG45080,81.0024
CG45081,237.2350874
CG45084,3702.025392
CG45085,2017.160431
CG45086,2843.344609
CG45087,2287
CG45088,3240
CG45089,310.072132
CG45092,4933.457874
CG45093,4982.516415
CG45095,866
CG45099,1813
CG45100,1461
CG45101,3577
CG45105,3694.859712
CG4511,1250.017941
CG45116,239
CG45122,111
CG45154,408
CG45186,4485.357311
CG4520,972
CG45218,238
CG4525,1682
CG45263,6005.330156
CG45307,209
CG4537,194
CG4538,3137.730448
CG45413,640
CG45428,317
CG4546,1574
CG45486,447
CG45487,447
CG45488,442
CG45489,410
CG45490,401
CG45491,410
CG45492,438
CG45493,442
CG45494,442
CG4552,2502
CG4553,1081
CG4554,8226
CG45544,598
CG45545,92.0002
CG45546,241
CG4557,3041
CG4558,1726.0396
CG45603,322
CG4562,4919.689198
CG4563,1567
CG4565,667
CG45676,212
CG45690,80.003
CG45691,264
CG4570,1061
CG4572,1573.905714
CG4576,2234
CG45764,743
CG45765,612
CG45766,612
CG4577,2381.282158
CG45770,461
CG45781,2262
CG45782,1768
CG4580,1783
CG4582,1559
CG4585,1523.23515
CG4586,2041
CG4587,7096.326451
CG4592,852.6261515
CG4593,770.2876888
CG4594,900.2322513
CG4596,2158
CG4597,368
CG4598,822.1598737
CG46025,973.0921913
CG46026,1892
CG4603,1251.657731
CG46059,381.3225542
CG4607,2235.326762
CG4610,1900
CG4611,2049
CG4612,3563.876546
CG46121,6150.005802
CG4613,1007.747996
CG4615,1774
CG4617,1589.033302
CG4619,2151.135522
CG46191,110
CG46192,203
CG46193,110
CG4622,1742.852259
CG46244,8438
CG4627,789
CG46270,89.0004
CG46275,1989
CG46276,1989
CG46277,2022
CG46280,2250.93301
CG46281,1122
CG4629,2817.377603
CG46298,754
CG4630,1917.56547
CG46301,3266.803001
CG4631,2469
CG4645,1365.902368
CG4646,539.6445631
CG4650,760.0029423
CG4653,696
CG4658,2044.232414
CG4660,1076
CG4661,1836
CG4662,1887.788492
CG4666,935.8429143
CG4669,1902
CG4670,2180.183103
CG4676,825
CG4678,1728.570079
CG4679,1960
CG4681,1298
CG4686,773.8605021
CG4691,959
CG4701,1119
CG4702,1106
CG4704,1647.5
CG4705,3061.975821
CG4706,2367
CG4707,2049
CG4709,1434.771053
CG4712,1987
CG4714,2156
CG4716,595.9733545
CG4721,2014
CG4723,2073
CG4725,2068
CG4729,1354.205289
CG4730,1272.215309
CG4733,3332.275911
CG4734,812
CG4741,674.7395568
CG4743,883
CG4744,4482
CG4747,2933.711118
CG4751,4684
CG4752,3796
CG4753,1189.395045
CG4757,1630.424796
CG4763,836
CG4766,2474
CG4768,2463.179738
CG4770,1366
CG4781,1358
CG4783,207.9193283
CG4788,1064.265852
CG4789,743
CG4793,2633
CG4797,1907
CG4806,1871
CG4810,2033
CG4813,1332
CG4815,854
CG4820,988
CG4822,2394.820126
CG4825,1788.826764
CG4829,2722.701495
CG4830,1662
CG4835,3536
CG4836,3720.30731
CG4839,5198.334886
CG4842,735
CG4847,1142.741226
CG4848,2841.423962
CG4849,2924
CG4853,2650.273038
CG4854,1021
CG4858,751
CG4860,1194
CG4866,493
CG4872,1084
CG4880,1451.981105
CG4882,1233.401507
CG4884,795.1987373
CG4887,3201.618137
CG4891,749
CG4892,706
CG4896,3215.256586
CG4901,2074.184332
CG4907,2720
CG4908,1188.444353
CG4911,3972.565619
CG4914,1458
CG4927,1250
CG4928,3222.317312
CG4935,884
CG4936,1625
CG4942,1107
CG4945,2152.598747
CG4949,1833.750172
CG4950,1764.569828
CG4951,1081.987299
CG4953,1547
CG4955,1639
CG4956,839
CG4957,662
CG4960,637.9974601
CG4962,575
CG4968,787
CG4970,2028
CG4972,1881
CG4975,1433.374891
CG4982,313
CG4983,1131
CG4984,1850.071338
CG4988,1019
CG4991,1792.051735
CG4995,1039.400077
CG4998,3145.531258
CG5001,1621.984879
CG5002,1799
CG5003,2292
CG5004,3409.649697
CG5009,2307
CG5010,807.0630345
CG5011,270.0180347
CG5013,774
CG5021,838.0747097
CG5022,1887
CG5023,590
CG5024,462.5
CG5026,2548.137826
CG5027,1663
CG5028,1529.480497
CG5033,2315
CG5037,1274
CG5038,2503
CG5039,520
CG5043,1559
CG5044,1502.034861
CG5045,884.2550312
CG5048,765
CG5050,940
CG5056,1056
CG5059,1477.95486
CG5062,1925
CG5065,3795.364122
CG5068,1587.962953
CG5070,615
CG5071,2677.665136
CG5078,1145
CG5079,587
CG5080,1849.011422
CG5084,692.6384402
CG5087,3745.721864
CG5089,1465
CG5096,1450
CG5098,4726.538257
CG5103,1875
CG5104,588
CG5107,482
CG5110,403.4171317
CG5111,1806
CG5112,1604
CG5114,1241.922031
CG5116,2068.757984
CG5118,1602
CG5122,3808
CG5126,1468
CG5131,852
CG5139,603
CG5142,1874.290955
CG5144,1087
CG5147,1345
CG5149,1699
CG5150,1621.571887
CG5151,3708.585388
CG5157,1194
CG5160,1182.267555
CG5162,1329.970711
CG5167,1377
CG5168,1422.543182
CG5171,988.687661
CG5172,515.4877352
CG5174,1168.195613
CG5177,911.1332821
CG5180,1182.625443
CG5181,1015
CG5188,851
CG5189,524.9938507
CG5190,1254
CG5191,2480.7041
CG5194,909.8822612
CG5196,1498.788421
CG5199,1443.351633
CG5204,2165
CG5210,1374.026289
CG5213,820
CG5214,1618
CG5217,775
CG5220,903
CG5225,1636
CG5235,2373.808492
CG5245,1424
CG5246,886
CG5250,861
CG5254,1037.183416
CG5255,715
CG5262,1733.318363
CG5265,1971
CG5267,524
CG5270,7266
CG5273,1943.689363
CG5274,1170.091381
CG5276,1421.043169
CG5278,1523
CG5280,787
CG5281,1414
CG5282,1344
CG5285,784
CG5287,1358
CG5290,2718
CG5292,1086.13892
CG5316,2259.230978
CG5321,1155.152321
CG5323,584
CG5326,1495
CG5327,1937
CG5334,793
CG5335,1074
CG5339,1040
CG5342,2402
CG5346,1722
CG5347,1011
CG5348,1892.5
CG5355,2205
CG5359,975.4549658
CG5361,1287
CG5367,1206
CG5375,1864
CG5376,613
CG5377,1054
CG5379,993.5461847
CG5380,846.2705001
CG5381,2062.813879
CG5382,966
CG5386,657
CG5388,833.5
CG5390,1183.753625
CG5391,583
CG5397,1907.597742
CG5398,739
CG5399,819.3605746
CG5402,416
CG5404,2563
CG5412,821
CG5418,997
CG5421,1280
CG5432,1723
CG5435,706.1666667
CG5439,1630
CG5440,838
CG5445,1647.42847
CG5446,542.9218507
CG5447,1193
CG5455,2689.565982
CG5458,1063
CG5466,2708
CG5478,836
CG5482,1558.648281
CG5484,1305.190267
CG5493,950.0885313
CG5498,1324
CG5500,660
CG5506,462
CG5509,534
CG5510,1163
CG5514,3516.457646
CG5515,746.880968
CG5516,600.9404618
CG5521,7527.044736
CG5522,3254.68326
CG5525,1717
CG5527,2147
CG5532,424.5530366
CG5535,1846.779886
CG5538,1129
CG5539,879
CG5541,2260.077152
CG5543,1964
CG5549,6162
CG5550,727.0000001
CG5554,1366.300293
CG5555,1776.959417
CG5556,809
CG5561,892
CG5565,743
CG5567,1089
CG5568,1712
CG5569,575
CG5577,1051.67737
CG5589,1913
CG5590,1293
CG5592,1434
CG5597,721
CG5599,1673
CG5604,8232
CG5608,2045
CG5611,964.5716697
CG5612,1308
CG5613,1858.440623
CG5614,1089
CG5618,1734.993758
CG5621,2908.025452
CG5623,928
CG5626,1292
CG5639,4900
CG5641,1166
CG5642,1635
CG5644,1513
CG5645,2546
CG5646,1074
CG5653,1264
CG5662,793
CG5664,2423.117943
CG5665,932
CG5674,2962.828222
CG5676,570
CG5681,1969
CG5687,2587.443647
CG5693,391
CG5694,2099.525191
CG5697,767.5311764
CG5704,1032.807407
CG5705,1221
CG5707,1340.986108
CG5708,916.205168
CG5715,779
CG5721,1402
CG5724,1511
CG5726,3292
CG5727,573
CG5728,4423
CG5731,1562
CG5734,2006
CG5742,2810.596072
CG5745,1617
CG5746,2561.179501
CG5755,1354
CG5756,3115.849741
CG5757,728.8772975
CG5758,2973.505603
CG5762,722
CG5767,655
CG5768,626
CG5770,711
CG5773,397.2195513
CG5776,3015.272238
CG5778,345.4251781
CG5780,682
CG5781,699
CG5783,754
CG5787,3334.08351
CG5789,4967.884795
CG5790,2223
CG5791,231.2110866
CG5793,620.8930989
CG5800,2448
CG5804,138
CG5805,1859.863713
CG5808,1844
CG5810,1185
CG5815,2100.914595
CG5819,2918.296755
CG5823,1646.879139
CG5828,1301.888198
CG5830,3336.488005
CG5835,1145
CG5844,1156
CG5846,660.2139828
CG5849,2845.231375
CG5850,2825.359021
CG5853,2208.205651
CG5854,1363
CG5860,1023
CG5861,927
CG5862,891
CG5863,1374
CG5866,511
CG5867,845
CG5872,1660.804738
CG5877,3202.731398
CG5880,1327
CG5882,2402
CG5883,947
CG5885,740.8221058
CG5886,1695
CG5888,1669.889802
CG5890,3191.316975
CG5892,2130
CG5895,1299.146413
CG5897,1472
CG5902,1575.701767
CG5903,881.3785708
CG5906,650
CG5909,1256
CG5910,946.5347171
CG5913,1333
CG5916,2128.167029
CG5919,874.1363734
CG5921,3562.148926
CG5928,607
CG5934,585
CG5937,8082.296806
CG5938,1275.307898
CG5945,753.6557219
CG5946,1091.134764
CG5948,749.1962902
CG5953,3963.546376
CG5955,1115
CG5958,975
CG5961,1426.113412
CG5964,2808
CG5966,2485.66763
CG5968,492.6716221
CG5969,748
CG5973,1445.252098
CG5984,1248
CG5986,708.5634056
CG5987,2273
CG5989,1348.118592
CG5991,1764.282716
CG5999,1468
CG6000,468.4308444
CG6005,1171.647693
CG6006,3558.017448
CG6012,842
CG6013,645
CG6015,1813
CG6018,1756
CG6023,1226.619823
CG6024,4257.808203
CG6026,5262
CG6028,892
CG6034,1489
CG6036,985
CG6040,6327
CG6041,910
CG6044,1331.809479
CG6048,959
CG6051,4278.586517
CG6052,4905
CG6055,849.6416646
CG6059,2698
CG6066,1357
CG6067,1209
CG6071,2727
CG6073,1143.242336
CG6083,1109
CG6084,970.7273025
CG6091,2895.523346
CG6094,613.7082222
CG6106,1763.236823
CG6115,534.5621997
CG6118,4143.750761
CG6123,5195.067691
CG6125,2033.815443
CG6126,1927
CG6136,1385.532644
CG6138,559
CG6140,1453
CG6142,1962
CG6144,1381.617016
CG6145,1884.060866
CG6149,583
CG6153,606.0228275
CG6154,2784.386075
CG6163,1500.751191
CG6168,1286.880837
CG6171,768.5355217
CG6175,2987.469307
CG6178,1809
CG6179,1077
CG6180,821
CG6182,1174
CG6184,3166.384637
CG6191,3475.21274
CG6195,1051
CG6201,2109
CG6204,2611
CG6209,1905
CG6216,874
CG6218,1576.017415
CG6220,1228
CG6225,2573.394704
CG6227,4052
CG6230,4128
CG6231,2654.039855
CG6236,2198.930109
CG6244,310
CG6254,1807
CG6255,989
CG6262,2217.463577
CG6271,873
CG6272,412.1434346
CG6276,1607
CG6277,886
CG6279,883.6359964
CG6280,3507
CG6282,3112.169684
CG6283,884
CG6287,1085
CG6290,545
CG6293,2088.567984
CG6294,2329.270194
CG6295,892
CG6296,1928
CG6299,904.2151873
CG6300,1525
CG6304,1327
CG6308,497
CG6310,491
CG6321,1395
CG6324,3364.025757
CG6325,3429
CG6329,1321.883137
CG6330,1461.951467
CG6332,1117
CG6333,1709.537745
CG6337,1013.536081
CG6340,1653.770964
CG6345,1630
CG6347,1113
CG6356,2688
CG6357,1242
CG6362,1676
CG6364,1339.96681
CG6379,2859.682136
CG6380,899.5
CG6388,1616
CG6398,1759.669046
CG6401,1520.690258
CG6403,457.363847
CG6404,1454.724412
CG6405,1127
CG6406,2538.27977
CG6409,1059.897445
CG6412,1327
CG6414,1689.585515
CG6415,1055
CG6418,2524
CG6420,3648.100962
CG6421,401
CG6422,2692.334198
CG6424,4497.21993
CG6425,1902
CG6426,514
CG6428,2500
CG6429,473
CG6431,992
CG6432,2356.816792
CG6435,595
CG6439,1613.12548
CG6441,1724.563492
CG6443,985
CG6454,4123.601808
CG6462,879
CG6465,1178
CG6470,1276
CG6472,1398
CG6475,1484
CG6479,1649.626728
CG6481,1173
CG6484,1391
CG6488,1677
CG6495,2382
CG6497,1007
CG6503,164.4339334
CG6508,1180
CG6511,4157.159128
CG6512,2778.654612
CG6523,638
CG6527,657
CG6540,1050
CG6543,875.5156562
CG6550,1583
CG6553,946
CG6565,1795.955974
CG6567,818
CG6568,1561.709129
CG6569,1208.778891
CG6574,1763
CG6576,980
CG6583,872
CG6592,1406
CG6597,1225.228895
CG6602,1202
CG6607,1315
CG6610,245.50044
CG6613,2213
CG6614,3106
CG6617,790
CG6621,2905.496795
CG6628,897
CG6629,784
CG6638,1315
CG6650,2349.234528
CG6652,2045
CG6654,2063
CG6656,1343
CG6659,3160.899357
CG6660,913
CG6661,1777
CG6664,2299.654657
CG6665,1196
CG6674,641.7631428
CG6675,1220.500088
CG6678,2644
CG6683,791
CG6685,943.7926749
CG6686,2972.566744
CG6688,1579
CG6689,1710
CG6690,1577
CG6693,1064.19528
CG6695,2964.822666
CG6696,798
CG6700,4298.503112
CG6701,4756.389309
CG6707,1778.993435
CG6709,746.9979605
CG6712,1137
CG6723,1791
CG6724,1335.955789
CG6726,1255.376053
CG6729,2794
CG6733,1092
CG6734,6271
CG6738,1092
CG6739,2514.544993
CG6744,1671.91611
CG6745,2571
CG6746,834
CG6749,1635
CG6752,4118.749187
CG6753,1575
CG6758,2193
CG6761,2541.872509
CG6762,663.5241116
CG6763,1546.013848
CG6765,3209.517143
CG6766,1683
CG6767,1736.150587
CG6769,1304.463435
CG6770,577
CG6785,2796.600809
CG6788,951
CG6790,2584
CG6791,4053.306493
CG6793,1571
CG6800,710
CG6805,1544.121717
CG6808,2146.541533
CG6812,1863
CG6813,973.0774076
CG6830,2582
CG6833,1057.689319
CG6834,2687
CG6836,1110
CG6839,1126
CG6841,3130.48471
CG6843,1082
CG6845,2046.709021
CG6847,3926.594206
CG6852,396.8150055
CG6865,826
CG6867,2997
CG6870,674.0342564
CG6873,481
CG6878,332
CG6885,1013
CG6888,544
CG6891,793.5752466
CG6893,965
CG6901,1382
CG6903,1986.245823
CG6907,1334.344277
CG6908,1182.72078
CG6910,1340.924573
CG6912,1229
CG6923,4465.139889
CG6927,1669
CG6928,2158.391233
CG6931,876
CG6933,1045.732189
CG6937,1108
CG6938,4047
CG6950,1307.566758
CG6951,755.2959962
CG6959,2828.497704
CG6961,1695
CG6962,2293
CG6966,3767.158602
CG6967,3214.312591
CG6971,740
CG6972,1106.010886
CG6974,557
CG6978,1786
CG6980,728
CG6983,1360.187765
CG6984,831
CG6985,1558
CG6996,1178
CG6999,676
CG7006,509
CG7009,839
CG7011,1144
CG7016,1087
CG7017,1215
CG7024,1679
CG7025,1151
CG7028,2897.605602
CG7029,6384.636174
CG7031,2130
CG7033,1922
CG7044,2972
CG7048,517.3184644
CG7049,918
CG7054,694
CG7058,4349
CG7059,1046.575101
CG7065,4068
CG7069,2494
CG7071,1329.480968
CG7079,844.6104819
CG7080,979
CG7083,1830
CG7084,2378.784999
CG7091,1681
CG7094,1213
CG7099,5824
CG7101,1255
CG7102,1913.606619
CG7110,2781.244718
CG7115,2214.178792
CG7120,2507.739357
CG7126,416
CG7130,502
CG7131,1841
CG7133,1257
CG7135,1319
CG7137,1071
CG7139,3442
CG7140,1897
CG7142,1143
CG7148,1395
CG7149,1787.428426
CG7154,2635
CG7156,2420
CG7164,827
CG7166,2954.652411
CG7168,835
CG7173,2240
CG7179,2027
CG7182,1608.961748
CG7183,1951.161586
CG7185,2559.35135
CG7191,1425.045679
CG7192,1877.092489
CG7194,1166
CG7200,1345.257856
CG7201,1445.119334
CG7202,787
CG7203,515.432429
CG7206,1418.09973
CG7208,1369.030132
CG7213,1425
CG7214,842
CG7215,1233.099565
CG7218,2310.404662
CG7220,1310.130341
CG7222,1315.41596
CG7227,2005.739962
CG7231,1095.219257
CG7236,1295.443209
CG7239,1553
CG7246,1844
CG7248,2412
CG7251,1010
CG7252,1315
CG7255,2776.584904
CG7264,1257.881712
CG7265,1311
CG7271,1208
CG7272,992
CG7275,1296
CG7276,421
CG7277,1405
CG7280,1916
CG7289,1931
CG7290,1159
CG7294,339
CG7295,972.3033663
CG7296,505.1299293
CG7298,1124
CG7299,497.0172557
CG7300,2703.400041
CG7304,1493
CG7309,1894
CG7311,2095.000211
CG7320,1824
CG7322,732.5820449
CG7324,4068.502751
CG7326,2252.263079
CG7328,1199
CG7329,1518
CG7330,802.5573268
CG7332,2536.982849
CG7333,1499
CG7335,1038
CG7337,6272.676362
CG7339,831.6151666
CG7341,1237
CG7342,1940.583333
CG7352,1323.318186
CG7357,1446
CG7358,3794.707174
CG7362,2455
CG7365,1469.957006
CG7366,1141
CG7367,1240.832223
CG7368,2459
CG7369,3591
CG7370,1211
CG7372,3973
CG7376,3923.413821
CG7377,86.0009
CG7378,1699.133778
CG7379,1588
CG7381,2702.465895
CG7382,689
CG7384,2062
CG7386,2048
CG7387,1309
CG7394,465.3051529
CG7402,1695
CG7406,613
CG7407,850
CG7408,2571.774226
CG7409,561
CG7414,2161.652336
CG7420,1333.53069
CG7423,483
CG7427,1166.614326
CG7430,1758.152611
CG7432,2722
CG7433,1521.355827
CG7442,1886
CG7443,411.6965978
CG7453,1653
CG7456,2467
CG7457,6136
CG7458,1967
CG7460,1641.097687
CG7461,1860.423322
CG7465,927
CG7466,9731.11727
CG7470,2725.438471
CG7484,458
CG7488,1050
CG7492,2475
CG7497,1608.185466
CG7504,5195.713892
CG7506,594
CG7509,1759
CG7510,3712.666025
CG7512,1759
CG7514,989
CG7518,7702.765192
CG7519,511
CG7523,935
CG7530,1477.05247
CG7536,3183.450951
CG7542,664.2994749
CG7544,1391.256247
CG7546,4620.873825
CG7548,479
CG7550,721
CG7551,937
CG7556,1891.086473
CG7557,1100
CG7560,908
CG7564,3893.258768
CG7565,3523
CG7567,571
CG7568,1832
CG7573,1324
CG7579,1482
CG7582,901.068237
CG7587,351
CG7589,1920.866375
CG7593,537
CG7600,3056
CG7601,1051
CG7606,1664
CG7607,469
CG7609,2502.612253
CG7611,3089.959443
CG7616,1889.292163
CG7627,4342.006205
CG7630,218
CG7631,614
CG7632,1241.921186
CG7634,1693
CG7637,117
CG7638,1692
CG7639,1635
CG7646,785.3327702
CG7650,1481
CG7653,2702
CG7655,847
CG7656,1215.78649
CG7668,1359.746692
CG7675,939.4950745
CG7685,737.8941006
CG7691,1088
CG7692,4488.544811
CG7694,744.7067009
CG7695,494
CG7702,2119.319545
CG7705,2138.824191
CG7706,2195
CG7707,939
CG7708,4357.765219
CG7714,754
CG7715,624
CG7716,2192
CG7718,1722
CG7720,2290.829082
CG7724,1219
CG7728,3476
CG7730,1924
CG7737,2119.764392
CG7739,2082
CG7741,1551.764367
CG7742,1289.11976
CG7744,2386
CG7745,1694
CG7747,1497
CG7755,1118
CG7763,592.6149993
CG7766,4572.53023
CG7768,483.1395914
CG7770,478.4739303
CG7772,644
CG7777,1088.210874
CG7778,1087.759744
CG7781,1654.2606
CG7785,1548
CG7786,380
CG7787,689
CG7789,931
CG7791,2027
CG7794,1350
CG7798,317
CG7800,1579
CG7804,1553
CG7806,4773
CG7810,1121
CG7813,2176
CG7818,1208
CG7824,1029.549628
CG7829,777
CG7834,847.428641
CG7837,2959
CG7839,3515
CG7840,957
CG7841,1369.093512
CG7845,1238.89723
CG7848,1904
CG7849,876
CG7852,5248.233518
CG7856,2003
CG7857,1035
CG7860,1038.344032
CG7872,1454
CG7878,2176
CG7879,3580.890429
CG7881,1929.67401
CG7882,1793.972181
CG7884,3596.231995
CG7886,3237
CG7888,1737.918598
CG7889,1269
CG7896,4756
CG7900,1680
CG7903,1315.109708
CG7906,1034
CG7907,2417
CG7910,1726.541449
CG7912,1793
CG7914,1031
CG7916,724
CG7920,1642.068807
CG7924,880
CG7927,2260.591495
CG7943,1508.213609
CG7945,1200.29748
CG7946,1706.879487
CG7950,975.4127723
CG7953,893.3230913
CG7956,3702.288217
CG7963,870
CG7966,1358
CG7967,1058
CG7968,668
CG7970,739.819738
CG7971,3488.404037
CG7974,1074.065269
CG7979,1894
CG7985,2395.701212
CG7987,4111.458449
CG7988,686
CG7990,2880
CG7991,3584.554485
CG7992,1494
CG7997,1518.998454
CG8001,2338.270293
CG8003,1244.893413
CG8004,1043
CG8005,1026.755226
CG8006,1534
CG8008,2498.047526
CG8009,614.2206132
CG8010,1434
CG8012,564.7416185
CG8026,1611.331387
CG8027,2398
CG8028,1647.864996
CG8031,1119
CG8032,2240.698313
CG8034,3919.090077
CG8036,2079.757981
CG8038,647
CG8042,1974
CG8043,1055
CG8046,1837.280373
CG8051,2304.240092
CG8060,3818
CG8064,2702
CG8065,861.3833999
CG8066,564.2248891
CG8067,980.0735288
CG8072,910
CG8078,1288
CG8079,2020.727598
CG8080,1543.039274
CG8083,1883.275479
CG8086,3745.060029
CG8087,284
CG8089,1801
CG8093,1172.766445
CG8097,1670.224716
CG8100,1881.979347
CG8105,1370
CG8108,2954.935259
CG8111,1141
CG8112,1738.197621
CG8116,2153.035999
CG8117,571
CG8119,536
CG8128,1351.345757
CG8129,1429.901896
CG8132,870
CG8134,1264.746069
CG8135,2568
CG8136,1414.15862
CG8138,596
CG8141,663
CG8142,1025
CG8149,957
CG8152,1005
CG8155,4012
CG8157,265.8416838
CG8159,1129
CG8160,873
CG8170,3515.400991
CG8172,1898
CG8173,1444
CG8176,4301.539913
CG8177,4948.770377
CG8180,2360.454413
CG8184,16379.24493
CG8187,1499
CG8188,2150.799475
CG8191,1287
CG8192,1556
CG8195,2081
CG8197,1089
CG8199,1551
CG8202,2893
CG8204,331.4798064
CG8206,877.845656
CG8207,1363
CG8209,1096
CG8213,5972
CG8216,1004
CG8219,2606
CG8223,1801.701279
CG8229,1301.54469
CG8230,2582
CG8236,1363
CG8237,1021
CG8239,1417.346284
CG8243,2211
CG8245,1117
CG8248,1170.277749
CG8249,2015.139393
CG8252,719
CG8258,1705
CG8260,1124.791667
CG8270,1971
CG8272,2605
CG8273,2774.379188
CG8281,1102
CG8289,1570.856612
CG8292,906
CG8297,858
CG8298,2032.779682
CG8299,675
CG8300,861
CG8301,2895
CG8303,1997.883153
CG8306,2012
CG8311,1698
CG8312,3491.705424
CG8314,1081
CG8319,1096
CG8320,782
CG8321,887.6591775
CG8323,1261
CG8326,1061
CG8329,711
CG8331,618.4553564
CG8335,849
CG8336,1208.730491
CG8343,432
CG8349,729
CG8353,683.1859684
CG8358,1998
CG8360,525.0757968
CG8366,1273
CG8368,2314.85286
CG8369,247.8875107
CG8370,4884.048831
CG8372,616.8446417
CG8379,2249.961426
CG8386,457
CG8388,1666
CG8389,1685.048035
CG8397,722
CG8398,2417.981687
CG8399,2118.848258
CG8401,854
CG8405,4134.153328
CG8407,418.445472
CG8412,2328
CG8414,2934
CG8417,1211
CG8419,3041
CG8420,1701.380756
CG8435,949
CG8441,664.8823519
CG8460,1169
CG8461,684
CG8468,3296.07806
CG8475,3671.289675
CG8476,736
CG8478,1978.990802
CG8481,1239.880373
CG8483,1670
CG8485,2902.856278
CG8490,630.9390116
CG8492,4189
CG8498,305.8058354
CG8500,3207.625028
CG8501,477.8280054
CG8507,1185
CG8508,772
CG8509,1194
CG8516,3316
CG8517,533
CG8519,955.7819754
CG8520,1555.411362
CG8525,1108.169963
CG8526,1867.662061
CG8531,1802
CG8534,791
CG8539,1187.541373
CG8541,757
CG8543,602
CG8545,2750
CG8547,2475.254969
CG8549,719.4256768
CG8550,1908
CG8560,1159.354822
CG8562,1284
CG8563,1665.820333
CG8564,1453
CG8565,2447
CG8568,2448
CG8569,2135
CG8578,1428.173308
CG8584,904
CG8586,1426.131303
CG8596,1711.601282
CG8602,2310.106633
CG8607,809
CG8611,3614.65867
CG8613,2785
CG8617,1129
CG8620,550.7698569
CG8628,218.4037957
CG8629,153
CG8630,1974
CG8635,1277.960902
CG8641,2772.269179
CG8642,1604
CG8646,1564
CG8654,2227.493678
CG8661,478
CG8664,513
CG8665,3425
CG8668,2691.973254
CG8671,3150.255954
CG8673,1205
CG8675,872
CG8677,8665.91456
CG8679,2342
CG8701,871
CG8708,1491.21493
CG8712,1366.197998
CG8713,1779
CG8726,3149.253073
CG8728,1736
CG8735,1265.813976
CG8736,565
CG8738,1430
CG8740,4397.044707
CG8745,2230
CG8746,942
CG8750,347.5
CG8757,1679
CG8765,2873.111402
CG8768,1011
CG8771,5580.425026
CG8773,2946
CG8774,2769.102279
CG8777,3592
CG8778,925
CG8785,1816.026098
CG8786,2705.44917
CG8788,1144.842256
CG8800,560
CG8813,799
CG8814,1586
CG8818,1336
CG8833,2803
CG8834,1633
CG8837,1636.709825
CG8838,774
CG8839,1900.02448
CG8840,441
CG8841,3302.893172
CG8850,1908.473335
CG8851,2076
CG8852,2199
CG8854,1436.036272
CG8858,5697
CG8860,221
CG8861,2093.859466
CG8866,1696.400761
CG8870,1336
CG8878,3726.41603
CG8888,1509
CG8891,570
CG8892,1620.067731
CG8907,2163.599193
CG8908,4903
CG8909,6944.011579
CG8910,3207
CG8915,3683.909537
CG8916,1660
CG8918,1431
CG8924,2376
CG8925,2022.858504
CG8927,1193
CG8929,2336.454193
CG8931,1255
CG8939,2423
CG8944,4151
CG8945,4157
CG8949,4473.758106
CG8950,2764.040201
CG8952,703
CG8958,1807
CG8960,559.8143953
CG8963,2484.63476
CG8974,1182.318713
CG8993,417
CG8997,724.2486016
CG9003,2842.287291
CG9004,2509
CG9005,5731.698466
CG9008,1848.055651
CG9010,1054
CG9014,1169.002591
CG9016,525
CG9018,1170.183098
CG9021,1031.142629
CG9029,344
CG9030,616
CG9034,219.8238348
CG9040,550
CG9044,4202.663982
CG9062,2799.7823
CG9065,322
CG9067,349
CG9068,3485
CG9072,386
CG9083,966
CG9084,742.0508442
CG9090,1185.571702
CG9095,4592.084993
CG9098,3164.173579
CG9101,841
CG9106,1041
CG9107,865.8089739
CG9109,1610.000001
CG9114,2116
CG9117,707
CG9119,1013
CG9121,2021.267574
CG9123,1393
CG9125,1130
CG9129,884
CG9130,2873.5
CG9132,1885.328097
CG9133,1337
CG9134,1524.984814
CG9135,1972.892673
CG9143,2509
CG9147,1165.158933
CG9149,1240
CG9150,671
CG9154,573.7193147
CG9164,1896.734224
CG9168,1753
CG9170,4072.668972
CG9171,3774.064895
CG9173,2074
CG9175,1878.475795
CG9184,713.7054988
CG9186,1236.836214
CG9192,988
CG9194,2775
CG9205,769.6118994
CG9213,2015.840725
CG9215,1746
CG9220,3642.15488
CG9222,1091
CG9231,644.2740168
CG9235,899
CG9240,708.8329338
CG9246,2192
CG9248,1694.65096
CG9249,798.0819759
CG9253,1470
CG9254,1485
CG9257,1380
CG9259,1228.69853
CG9263,552
CG9265,1848.318722
CG9267,1136
CG9269,377
CG9270,3944
CG9272,1158
CG9279,4506.321287
CG9281,2754.246109
CG9286,800
CG9287,1780
CG9288,918
CG9289,1930
CG9293,813.1998911
CG9294,916
CG9297,3843.189918
CG9300,1957
CG9302,1773
CG9304,2528.274843
CG9305,2094.03542
CG9308,624
CG9312,608
CG9313,2681.546075
CG9314,1656.914714
CG9316,1971
CG9319,1084.266695
CG9323,2828.884897
CG9328,1368.257935
CG9330,2185
CG9331,1068.504981
CG9336,478.8239507
CG9338,514.0614404
CG9344,275
CG9346,2799
CG9356,1338.891447
CG9360,836
CG9368,1654.295715
CG9372,1494
CG9376,836
CG9377,992
CG9380,2781.165748
CG9384,4255.269575
CG9386,1453
CG9389,1844
CG9391,916.4759487
CG9393,1283.085721
CG9394,2057.624125
CG9395,3712.889801
CG9396,482
CG9399,865.6129369
CG9400,957
CG9406,533
CG9410,673.6429639
CG9411,3485
CG9413,3200.321396
CG9416,2849.789343
CG9422,776.2332484
CG9425,7819.543288
CG9426,2985
CG9427,641.9615308
CG9436,1104
CG9444,1794.68712
CG9445,783
CG9447,1999
CG9449,1330.222197
CG9451,1249.29016
CG9452,1453
CG9458,701
CG9459,702
CG9467,2981
CG9471,749.8336779
CG9483,721
CG9485,4742.531311
CG9492,14275.14452
CG9497,1561.917842
CG9498,1315
CG9500,949
CG9503,2325
CG9505,2110
CG9507,1955
CG9509,2283.74975
CG9510,1445.391695
CG9512,1969.820449
CG9514,2900
CG9515,709.7875823
CG9518,3480
CG9519,1835
CG9521,2066
CG9522,1992
CG9525,2310.984817
CG9527,2128.364267
CG9531,1066.154464
CG9536,1737.1118
CG9541,2106.45799
CG9547,1242
CG9548,284
CG9550,1099
CG9555,1065.004281
CG9568,445
CG9570,1027
CG9572,1464.312814
CG9577,932
CG9578,895
CG9581,1684
CG9582,936
CG9586,737.1767892
CG9588,1027
CG9589,775
CG9590,1379
CG9592,452
CG9593,1071
CG9596,1374.091041
CG9601,1657
CG9609,1635
CG9616,351
CG9624,929
CG9626,5288.830772
CG9628,898.5100986
CG9629,1854
CG9630,1755
CG9631,1250
CG9632,1016.508035
CG9636,2538.366307
CG9641,1651.916824
CG9643,604.692136
CG9646,2944.184942
CG9649,1514
CG9650,5613.933603
CG9657,1883.648452
CG9662,635.1784574
CG9663,2863
CG9664,2501.304104
CG9666,1111.705039
CG9667,677.2661539
CG9669,165.4539282
CG9672,614
CG9673,710.9680482
CG9674,7076.360464
CG9676,765
CG9682,1295.712313
CG9684,1947
CG9686,467
CG9689,717.818426
CG9691,370.0184284
CG9692,1190.077605
CG9698,1553
CG9701,1806
CG9702,1963.520261
CG9705,1195.908025
CG9706,1794.731206
CG9715,5255
CG9717,2480
CG9722,746
CG9723,1530
CG9727,6099.061969
CG9733,1265.174021
CG9737,1436
CG9743,1534
CG9747,2031.559076
CG9752,932
CG9757,652
CG9759,1026.272903
CG9760,1840
CG9766,1303
CG9769,1102
CG9773,822
CG9775,1913.168053
CG9776,3037.356081
CG9777,1300
CG9780,1983
CG9782,1207
CG9784,1920.838587
CG9795,2436.793082
CG9799,2740
CG9801,3223.167302
CG9804,775.9173678
CG9806,2715
CG9812,1100.791537
CG9813,2388.753706
CG9815,872.7146704
CG9821,4350.907531
CG9822,684
CG9825,1344
CG9826,1633.413018
CG9837,808.6136649
CG9839,1904.681103
CG9849,743.1131405
CG9850,4620.357373
CG9853,1182.424193
CG9855,1499.761666
CG9861,2649
CG9863,935
CG9864,1466.191581
CG9865,2063.796315
CG9870,1294
CG9875,503
CG9876,1185
CG9877,189
CG9879,948
CG9886,1879.778657
CG9890,1261
CG9896,1844
CG9897,711.4512351
CG9899,2789
CG9902,4164.513359
CG9903,1429
CG9911,1281.952318
CG9914,1024.584169
CG9915,2556.976334
CG9917,1600.847658
CG9919,1445.482569
CG9920,515
CG9921,524.4156454
CG9922,460.0512894
CG9925,2994
CG9926,759.0620023
CG9928,225.5106622
CG9932,8216.911784
CG9934,4285.254601
CG9940,4149.260337
CG9941,2914
CG9945,1746.192075
CG9947,1400.657463
CG9948,807.8156507
CG9951,1627
CG9953,1615
CG9960,1052
CG9961,1231.828481
CG9962,945
CG9967,1546.159963
CG9970,1432
CG9977,2821
CG9981,3608.327639
CG9986,1980
CG9988,2075
CG9990,3207.454245
CG9992,1285.961889
CG9993,1603
CG9997,831
chas,5119.542017
ChAT,3660.12719
chb,5522.510679
Chc,5490.184231
Chd1,6218.165411
Chd3,2867
Chd64,1221.338774
Che-13,1285
CheA29a,487
CheA46a,335
CheA56a,344
CheA75a,500
CheA7a,522
CheA84a,383
CheA86a,627
CheA87a,444
CheB38a,396
CheB38b,496
CheB38c,460
CheB42a,494
CheB42b,475
CheB42c,1450
CheB53a,482
CheB53b,416
CheB74a,410
CheB93a,552
CheB93b,481
CheB98a,487
cher,4360.512373
CHES-1-like,6221.378692
Chi,1956.817735
chic,936.9441486
chico,3008.402875
chif,6168.662968
chinmo,10869.55467
CHKov1,1264
CHKov2,1251
ChLD3,2066
chm,2623.780015
Chmp1,774.928627
CHMP2B,656
chn,4926.088686
CHOp24,923.3102737
CHORD,1042
chp,4645.370846
Chrac-14,393
Chrac-16,514.6429105
chrb,5612.109291
Chro,3671.679161
Cht11,1377
Cht12,1449
Cht2,1598.4228
Cht3,6905.941079
Cht4,1274
Cht5,1923
Cht6,6696.865964
Cht7,3754
Cht8,1249
Cht9,962
ci,4740.07198
CIA30,849
Ciao1,987
CIAPIN1,2159
cib,818.492918
Cib2,748
cic,7405.264197
cid,816
cin,1887.454533
cindr,2907.995388
Cip4,3137.675619
Cirl,6081.936325
Cisd2,476
ck,7069.663011
Cka,4195.130101
ckd,1036.819403
CkIalpha,2437.854534
CkIIalpha,1330.132974
CkIIalpha-i1,1386
CkIIalpha-i3,1111.342612
CkIIbeta,1543.014183
CkIIbeta2,713
ckn,3838.275266
Cks30A,948
Cks85A,883.2897224
cl,441.346693
Clamp,2465.232821
Claspin,4512.346466
Clbn,3070.55502
Clc,914.7286342
ClC-a,3793.997874
ClC-b,2448
ClC-c,3393.932109
Clect27,1090.008744
Clic,1428.892324
CLIP-190,2214.875983
Clk,3888.351111
cln3,1370.970572
clos,5422
Clp,1047
CLS,1143.805304
clt,1645
clu,5686.055165
clumsy,3146.699052
cm,1320.019263
cmb,3531.413876
cmet,6733.118403
cmpy,1583.749053
cn,1591
cN-IIIB,1331
Cnb,2076.619177
cnc,4268.552111
CngA,3308.875642
CngB,3063.019735
Cngl,10773.9888
cni,670.4163868
cnir,672
cnk,5253.908677
CNMa,1429.077986
CNMaR,2505
cnn,4175.962293
cno,6876.055255
Cnot4,3447.390386
CNT1,2620
Cnx14D,2250
Cnx99A,2417.412489
Cog3,2774
Cog7,2141
coil,1838.224154
cola,1875
cold,886.3602268
colt,1268.69482
comm,1557.803894
comm2,1317
comm3,1677.406201
comr,1791
comt,2879.744063
Con,4735.014622
cona,658
Cont,4543
conu,1970.096197
conv,3583.157479
Coop,1305.590524
Coprox,1215.910611
Coq2,1444
COQ7,700
cora,5512.099233
CoRest,2595.326493
Corin,7753.683415
corn,4211.643349
coro,2560.1041
corolla,1780.346207
Corp,964.6386132
cort,1430.582195
Cortactin,2216.622705
corto,3836.840387
cos,4503.311858
Cow,4078.026961
COX4,573.2555673
COX4L,468.9361705
COX5A,443.8039917
COX5B,410.8685993
COX5BL,448
COX6AL,341
COX6B,450.4340862
COX7A,420.240376
COX7AL,388
COX7C,261.1863573
COX8,240.7620671
Cp1,1287.907507
Cp110,2449.154425
Cp15,316
Cp16,323
Cp18,450
Cp19,452
Cp190,3928.181308
Cp36,917
Cp38,1033.793949
Cp7Fa,834
Cp7Fb,1129.720227
Cp7Fc,933
cpa,1719
cpb,1447.490013
Cpn,2606.737229
cpo,7989.265151
Cpr,2360.927404
Cpr100A,1179
Cpr11A,1127
Cpr11B,614.4954845
Cpr12A,659
Cpr23B,867
Cpr30B,512
Cpr30F,628
Cpr31A,1030
Cpr35B,614
Cpr47Ea,630
Cpr47Eb,618
Cpr47Ec,545
Cpr47Ed,435
Cpr47Ee,1187
Cpr47Ef,1971.5
Cpr47Eg,222
Cpr49Aa,385
Cpr49Ab,653
Cpr49Ac,1121.441939
Cpr49Ad,484
Cpr49Ae,987
Cpr49Af,409.7677659
Cpr49Ag,451
Cpr49Ah,791
Cpr50Ca,3228
Cpr50Cb,668
Cpr51A,452
Cpr56F,1060
Cpr57A,478.4865667
Cpr5C,406
Cpr60D,310.3765579
Cpr62Ba,646
Cpr62Bb,733.4462398
Cpr62Bc,880.3169859
Cpr64Aa,815
Cpr64Ab,353
Cpr64Ac,691
Cpr64Ad,762
Cpr65Au,279.3158688
Cpr65Av,443
Cpr65Aw,249
Cpr65Ax1,190
Cpr65Ax2,189
Cpr65Ay,242
Cpr65Az,521
Cpr65Ea,341
Cpr65Eb,805
Cpr65Ec,367
Cpr66Cb,802
Cpr66D,905
Cpr67B,811
Cpr67Fa1,355
Cpr67Fa2,366
Cpr67Fb,258
Cpr72Ea,949
Cpr72Eb,610
Cpr72Ec,1248
Cpr73D,2391.612178
Cpr76Ba,582
Cpr76Bb,572
Cpr76Bc,1373.007117
Cpr76Bd,4293.085583
Cpr78Ca,677
Cpr78Cb,1021
Cpr78Cc,323
Cpr78E,264
Cpr92A,921
Cpr92F,1659
Cpr97Ea,1305.177642
Cpr97Eb,855
Cpsf100,2232
Cpsf160,4511.433583
Cpsf73,1991
CPT2,2153
cpx,3659.04992
CR10032,614
CR10102,1149
CR1075,656
CR10991,283.1565757
CR11235,164
CR11386,340
CR12460,563
CR12628,421
CR12798,11.965
CR12842,427
CR13656,1049
CR14033,1342
CR14578,716.8560074
CR15280,1010
CR15345,886
CR15821,822
CR16735,940
CR17024,1089
CR17438,1106
CR18166,1478.364026
CR18217,1901
CR18228,773.4974889
CR18275,2110
CR30029,211
CR30374,401
CR30409,635.3054759
CR31032,571
CR31054,324
CR31292,199.2984282
CR31427,983
CR31562,976
CR31700,455
CR31822,447
CR31824,480
CR31953,516
CR31958,407
CR32009,2761.642489
CR32010,4062.000001
CR32011,4017.455195
CR32496,579
CR32511,164
CR32733,275
CR32745,272
CR32821,155
CR33013,2437
CR33221,1333
CR33222,347.0605785
CR33255,131
CR33283,539
CR33294,1767.009265
CR33315,222
CR33317,152
CR33318,324
CR33319,394
CR33487,170
CR33491,170
CR33496,170
CR33498,170
CR33629,335
CR33701,116
CR33797,501
CR33929,224
CR34262,931
CR34285,1167
CR34311,224
CR34320,183
CR40005,1028
CR40068,215
CR40100,195
CR40182,92.0002
CR40190,1253.682716
CR40282,604
CR40354,1201
CR40441,10.528
CR40450,1493
CR40461,192
CR40601,488
CR40801,392
CR41243,1108
CR41320,525
CR41379,280
CR41423,966
CR41440,332
CR41454,859
CR41501,1313
CR41504,590
CR41506,897
CR41507,842
CR41508,842
CR41509,1012
CR41519,40.2855
CR41571,53.2554
CR41597,892
CR42201,39.4185
CR42490,940.1850083
CR42499,998
CR42530,203
CR42532,310
CR42545,213
CR42546,560
CR42548,39.4185
CR42653,1076.349498
CR42722,650
CR42723,611
CR42785,251
CR42786,311
CR42838,29.9375
CR42842,131
CR43080,302
CR43086,798.4705175
CR43087,725.9377406
CR43096,195
CR43100,439
CR43105,603
CR43142,355
CR43158,294
CR43170,333
CR43176,536
CR43177,25.9389
CR43186,394
CR43211,989
CR43212,989
CR43213,989
CR43214,989
CR43215,989
CR43216,989
CR43217,452
CR43240,4.33389
CR43275,578
CR43276,256
CR43281,1066
CR43310,162
CR43359,471
CR43360,349
CR43361,1043.294554
CR43364,53.2554
CR43377,155
CR43378,28.546
CR43379,153
CR43380,27.2129
CR43381,153
CR43382,26.5685
CR43383,29.2345
CR43384,29.2345
CR43385,212
CR43482,153
CR43483,268
CR43669,646
CR43670,1933
CR43671,1448
CR43687,253
CR43688,77.0053
CR43696,476
CR43697,305
CR43727,932
CR43734,123
CR43972,1442
CR43975,224
CR44003,1510
CR44028,193
CR44079,266
CR44383,222
CR44391,471.7934796
CR44394,372
CR44706,160
CR44839,192
CR44906,1469
CR45033,228
CR45227,1073
CR45315,307
CR45385,400
CR45391,382
CR45458,75.0077
CR45470,124
CR45495,430
CR45496,430
CR45497,430
CR45498,430
CR45499,389
CR45548,122
CR45716,320
CR4575,558
CR45771,593
CR45772,581
CR45773,450
CR45775,460
CR45776,441
CR45777,460
CR45779,460
CR45780,498
CR45931,411
CR45932,877
CR45933,541
CR45934,873
CR45946,327
CR45947,327
CR45948,665
CR46027,391
CR46072,96.0001
CR46150,619
CR46151,75.0077
CR46152,286
CR46154,75.0077
CR46155,75.0077
CR46157,221
CR46158,520
CR46159,325
CR46160,576
CR46161,58.1281
CR46162,54.2236
CR46163,8.26769
CR46164,567
CR46165,522
CR46166,67.0317
CR46167,402
CR46168,211
CR46169,67.0317
CR46170,479
CR46171,211
CR46172,254
CR46173,491
CR46174,67.0317
CR46175,254
CR46176,491
CR46177,67.0317
CR46178,78.0044
CR46179,519
CR46180,561
CR46181,8.64817
CR46182,576
CR46183,328
CR46184,520
CR46185,559
CR46186,215
CR46187,567
CR46188,831
CR46189,255
CR46190,383
CR46232,1091
CR46272,170
CR46273,170
CR46274,170
CR46279,699
CR46300,1361
CR6434,460
CR6900,134
CR7448,1247
CR9337,734
Crag,6536.294909
Cralbp,1405
CRAT,2110.02761
crb,7639.047774
crc,1737.294151
CrebA,4251.870039
CrebB,2750.334233
CREG,757.6813024
Crg-1,1031
CRIF,641
crim,553
Crk,962.4602407
crm,3603.58252
CRMP,2388.430966
crn,2133
croc,2148
crok,834
crol,5515.354922
crp,3847.84671
crq,2187.673993
Crtc,5748.468437
Crtp,2256
cry,1697
Crys,1687
Crz,455
CrzR,3039
CS-2,4307.773298
Csas,559
Csat,1866.138737
Csk,4306.349475
Csl4,741
CSN1a,1102
CSN1b,1603
CSN3,1480
CSN4,1315.695785
CSN5,995.985339
CSN6,1004
CSN7,987
CSN8,442
Csp,1951.029301
CstF-50,1208
CstF-64,1247
csul,1806.259595
csw,4190.047167
ct,10788.97259
cta,2230.410082
CtBP,2784.775549
CTCF,2693
Ctf4,2757
ctp,1345.04911
CTPsyn,2233.912701
Ctr1A,1563.112272
Ctr1B,754
Ctr1C,832
ctrip,9690.798034
CtsB1,1262.754953
cu,1618.241317
Cubn,11150
cue,2602
cuff,1096
Cul1,3151.156194
Cul2,2759.086346
Cul3,3507.368479
Cul4,3178.276387
Cul5,3126
cup,3829.385353
cutlet,3037
cv,1313.414848
cv-2,4130
cv-c,6133.025875
cv-d,4545
Cwc25,1531
cwo,4661.376681
cyc,1426
CycA,2429.027967
CycB,2430.650874
CycB3,2517.57956
CycC,943
CycD,2001.755957
CycE,3405.235508
CycG,3820.015014
CycH,866
CycJ,1275.725416
CycK,1700.285506
CycT,5288.171787
CycY,2312.082027
CYLD,1867.763224
Cyp1,1028
Cyp12a4,1498
Cyp12a5,1621
Cyp12b2,1583
Cyp12c1,1463.402243
Cyp12d1-d,1613
Cyp12d1-p,1545.878914
Cyp12e1,1422
Cyp18a1,2708.880098
Cyp28a5,1567
Cyp28c1,1381.023944
Cyp28d1,1418
Cyp28d2,1474
Cyp301a1,1741
Cyp303a1,2515.743361
Cyp304a1,1517
Cyp305a1,1602
Cyp308a1,1397
Cyp309a1,1423.648185
Cyp309a2,1645
Cyp310a1,1459
Cyp311a1,1324
Cyp312a1,1859.132188
Cyp313a1,1424
Cyp313a2,1378
Cyp313a3,1578
Cyp313a4,1452
Cyp313a5,1362
Cyp313b1,1881.621707
Cyp316a1,1256
Cyp317a1,3574.724511
Cyp318a1,1686
cyp33,787
Cyp49a1,1944.628068
Cyp4aa1,1909
Cyp4ac1,1467
Cyp4ac2,1510
Cyp4ac3,1407
Cyp4ad1,1291.012474
Cyp4ae1,1623
Cyp4c3,1707
Cyp4d1,1450.942535
Cyp4d14,1488.628966
Cyp4d2,1533.205301
Cyp4d20,1618
Cyp4d21,1622
Cyp4d8,1374
Cyp4e1,1573
Cyp4e2,1611.670491
Cyp4e3,1606
Cyp4g1,2080
Cyp4g15,2405.177457
Cyp4p1,1481
Cyp4p2,1578
Cyp4p3,1468
Cyp4s3,2089
Cyp6a13,1450
Cyp6a14,2760
Cyp6a15Psi,700.9070291
Cyp6a16,1508.645413
Cyp6a17,1349.988784
Cyp6a18,2158.671891
Cyp6a19,1506.739093
Cyp6a2,1475
Cyp6a20,1602
Cyp6a21,1432
Cyp6a22,1721.611746
Cyp6a23,1562
Cyp6a8,1582
Cyp6a9,1765
Cyp6d2,1560
Cyp6d4,1673
Cyp6d5,1441
Cyp6g1,1862.374848
Cyp6g2,1790
Cyp6t1,1586
Cyp6t2Psi,1264
Cyp6t3,1495
Cyp6u1,1744.084036
Cyp6v1,2632.038409
Cyp6w1,1496.544195
Cyp9b1,1553
Cyp9b2,1468
Cyp9c1,1544
Cyp9f2,1559
Cyp9h1,1418
cype,226.911792
Cypl,519
cyr,2207.513133
Cys,285
CysRS,2254
CysRS-m,1809.777156
cysu,2882
Cyt-b5,630.5353538
Cyt-b5-r,1303.184569
Cyt-c-d,576.4577488
Cyt-c-p,481.9998482
Cyt-c1,1240.918102
Cyt-c1L,1094
d,4904.442482
D,1655.346736
d-cup,896
D1,1551.932199
D12,3052
D19A,3034
D19B,2486
D2hgdh,1694.415965
d4,1592.914464
da,3192.368936
DAAM,4964.001849
Dab,7933.472842
dac,4732.823625
Dad,3519.430703
dah,2151.737005
Dak1,1003
dally,4271.344332
Damm,862.4590772
dan,3141
danr,1633
dao,3513.222015
dap,2331
Dap160,3808.995216
dar1,3327
dare,1482
Dark,4626.894391
Dat,1328.790245
DAT,2841
dati,3050.964562
daw,2577.676388
Daxx,5512.508579
dbe,986
Dbi,220.6791388
dbo,3435.556029
Dbp21E2,1533
Dbp45A,1471
Dbp73D,2010
Dbp80,1262.910463
dbr,3665.07129
Dbx,2289
dco,3101.376288
Dcp-1,1550
DCP1,1288.804524
DCP2,5556.450829
Dcr-1,6714
Dcr-2,5484.922982
DCTN1-p150,4351
DCTN2-p50,1159
DCTN3-p24,912.5920818
DCTN4-p62,1583
DCTN5-p25,531
DCTN6-p27,509
DCX-EMAP,3715.757784
Dd,2838.846669
Ddc,1841.386811
Ddr,3835.572218
Ddx1,2271
Deaf1,2796.244542
Debcl,1525
Decay,912
Def,200
defl,3028
Dek,2550.021702
del,2972.623982
deltaCOP,1968.967915
deltaTry,611
Den1,1056.839309
DENR,528.1037525
Der-1,908.7458288
Der-2,1191
Desat1,1808.085803
Desat2,1158
Desi,806
Det,452
Df31,1361.99786
Dfd,2540
Dg,5080.848759
Dgk,5955.110362
Dgkepsilon,1766.967727
dgo,2947.521669
Dgp-1,2437.208874
dgrn,1432.21304
dgt1,1528.172592
dgt2,666.3887427
dgt3,1610
dgt4,610.8451677
dgt5,2033.474563
dgt6,1997
Dh31,1093.554315
Dh31-R,3074.645931
Dh44,1795.038776
Dh44-R1,2276
Dh44-R2,2355.73359
Dhap-at,3298.229776
Dhc16F,12243
Dhc36C,12003
Dhc62B,11891
Dhc64C,14114.47679
Dhc93AB,13783.16725
Dhc98D,13354.66605
dhd,608.1035683
Dhfr,449.6059535
Dhit,3683.948417
Dhod,1187.598193
DhpD,1391
Dhpr,841.3284794
Dhx15,2411.107213
dia,4331.517892
Diap1,1811.837935
Diap2,1868.015514
dib,1776
Dic1,1365.436659
Dic2,921
Dic3,798.0108735
Dic4,1166
Dic61B,2417.00014
didum,6235.095592
Diedel,217
Diedel2,179
Diedel3,344.8106205
Dif,2791.27428
dikar,9393.376962
dila,3315.343959
Dim1,407
dimm,2616.316965
DIP-alpha,6794.988754
Dip-B,1746.157098
DIP-beta,3862.334772
Dip-C,1582.481014
DIP-delta,3099.106334
DIP-epsilon,2951
DIP-eta,2437.918434
DIP-gamma,2906
DIP-iota,1128
DIP-theta,2682
DIP-zeta,3185
DIP1,2808.059973
DIP2,5718.323193
Dis3,3389
disco,2943
disco-r,5547.369731
disp,4685
dj,933
DJ-1alpha,536
dj-1beta,534
djl,899
dl,3046.532846
Dl,4732.366192
Dlc90F,617
dlg1,4509.084983
Dlg5,7002.520613
Dlic,3468.892324
Dlip1,492.310891
Dlip2,704
Dlip3,1272
Dll,2831.977023
dlp,3561.366081
dlt,3801
DMAP1,1385
dmGlut,2227
dmpd,2284.717799
dmrt11E,1083
dmrt93B,779
dmrt99B,2151
dmt,2991
Dmtn,2854.378606
DNA-ligI,2187
Dnah3,12818.43526
Dnai2,1682.515438
DnaJ-1,1733.753258
DnaJ-60,637.5072237
DnaJ-H,1455.377247
DNApol-alpha180,4425
DNApol-alpha50,1370
DNApol-alpha60,1554
DNApol-alpha73,1867
DNApol-delta,3241
DNApol-epsilon255,6650
DNApol-epsilon58,1489
DNApol-eta,2868
DNApol-gamma35,1371
DNApol-iota,2479.560779
DNaseII,1029
dnc,6206.08552
dnd,637
dnk,992.5288869
dnr1,3353.968797
dnt,2432.603962
Dnz1,1750
Doa,3086.039375
dob,1656
Doc1,1268.750005
Doc2,1746
Doc3,1472
dock,3359.980622
dod,822
Dok,3288
dom,9463.287274
dome,4676
dop,7062.791862
Dop1R1,11512.00586
Dop1R2,4791
Dop2R,4512.635286
DopEcR,3570.038814
dor,2962
DOR,2041.342803
dos,3101.170643
Dot,1807.969679
Dp,2282.793108
Dp1,5241.099805
dpa,2626.091405
Dpck,715
Dph5,929
Dpit47,1112.560973
dpn,1837
dpp,3580.76058
DppIII,2251.554119
dpr1,2871.198765
dpr10,3137.708253
dpr11,4166.886005
dpr12,4209.624895
dpr13,2929.052812
dpr14,3183.282262
dpr15,3275.058428
dpr16,2059.629305
dpr17,3038.887331
dpr18,2431
dpr19,1986.443265
dpr2,1917.396497
dpr20,2518
dpr21,794
dpr3,2801.211431
dpr4,2795
dpr5,1400.514405
dpr6,4035.333206
dpr7,1163.146811
dpr8,4638
dpr9,4332.626838
Dpt,297
DptB,250
dpy,44271.30885
Dpy-30L1,456
Dpy-30L2,307
Dr,2353
Drak,4251.249931
Drat,1721.849431
drd,3081
dre4,3391.102163
Dredd,1463.63149
Dref,2624.655336
Drep1,1954
Drep2,3636.559106
Drep3,1457.196792
Drep4,1947
Drgx,2742.874978
Drice,1728
Drip,1471.838216
drk,2011.975401
drl,2905
Drl-2,5452.422236
drm,2180.928498
Dro,184.1499595
Droj2,1684.089547
Dronc,1816
drongo,3159.820612
drosha,4091
Drp1,2565.876561
drpr,3788.312687
Drs,188
Drsl1,20.9285
Drsl2,134
Drsl3,161
Drsl4,124
Drsl5,165
Drsl6,188
ds,12093.70833
dsb,2263.553041
Dscam1,7639.138568
Dscam2,7449.963008
Dscam3,6491.352489
Dscam4,6740.289258
dsd,5581.801112
dsf,3090.5
dsh,2645
Dsk,370
Dsor1,1465.637206
Dsp1,3077.470019
dsx,3358.524706
dsx-c73A,3297
Dtg,2265
dtr,4505
DUBAI,3712.687397
Duox,5116.229758
dup,2647.445631
Dup99B,66.68703032
dUTPase,583.4103445
dve,4124.150321
dwg,1803
dx,3629
dy,3876
Dyb,3031.636097
dyl,2491
Dyrk2,4225.872271
Dyrk3,3334.444146
Dys,7106.424828
Dysb,1064.332565
dysc,8605.196352
dysf,3362.880676
e,2943
E(bx),8009.506257
E(Pc),9217.732205
e(r),860.0342781
E(spl)m2-BFM,758
E(spl)m3-HLH,1106
E(spl)m4-BFM,560
E(spl)m5-HLH,683
E(spl)m6-BFM,938
E(spl)m7-HLH,783
E(spl)m8-HLH,570
E(spl)malpha-BFM,477
E(spl)mbeta-HLH,779
E(spl)mdelta-HLH,814
E(spl)mgamma-HLH,712
E(var)3-9,1937
e(y)1,925
e(y)2,304
e(y)2b,382.8428103
e(y)3,7382.641218
E(z),2307.733363
E23,4311.693532
E2f1,4029.558986
E2f2,1328.43087
E5,1923
ea,1237.98029
Eaat1,2743.510194
Eaat2,3034.970973
EAChm,590
Eaf,2983.389803
Eaf6,665
eag,8203.183268
ear,3606.820781
eas,2117.983347
east,8967.763595
eater,3102
Eb1,1692.513351
ebd1,2130
ebd2,1439.750264
ebi,3128
ebo,3945.553169
Ebp,1330
EbpII,409
EbpIII,420.978704
ec,6522.607894
eca,747
ecd,2005
eco,3296.286675
EcR,4535.379885
ECSIT,1131
ect,1982.288076
Ect3,2037
Ect4,4894.446672
ed,6061.877161
Edc3,3863
Edem1,3313.933676
Edem2,3884.085974
Edg78E,347
Edg84A,453
Edg91,363.1709802
edin,222
edl,1255
EDTP,2931.68244
eEF1delta,713.2634712
EF-G2,2280.543485
Ef1alpha100E,2399.949365
Ef1alpha48D,1868.188461
Ef1beta,642.9023185
Ef1gamma,1484.549252
EF2,2634.413543
Efa6,6090.022112
eff,1504.821485
Efhc1.1,2360
Efhc1.2,2373
Efr,1593.583897
EfSec,1414
EfTuM,1541.120011
eg,1363.050849
Egfr,5516.30602
egg,3738
egh,3219.637886
egl,4155.879866
Egm,1834
egr,1961.161937
Eh,501.0004344
Ehbp1,3931.107645
eIF-1A,1091.200837
eIF-2alpha,1107.161801
eIF-2beta,929
eIF-2gamma,1748.079302
eIF-3p40,1018.761143
eIF-3p66,1813
eIF-4a,1497.75737
eIF-4B,1391.073162
eIF-4E,1212.722011
eIF-5A,551.8682633
eIF2B-alpha,806
eIF2B-beta,1158
eIF2B-delta,1867.596279
eIF2B-epsilon,2176.562197
eIF2B-gamma,1349
eIF2D,1642
eIF3-S10,3611.714853
eIF3-S8,2975.659904
eIF3-S9,2365.760429
eIF3ga,828
eIF3gb,780
eIF4AIII,1282
eIF4E-3,841
eIF4E-4,832
eIF4E-5,821
eIF4E-6,477.6989512
eIF4E-7,1439
eIF4G,5391.102517
eIF4G2,8386.381822
eIF5,2347.877976
eIF5B,3918.103438
eIF6,857
Eig71Ea,213
Eig71Eb,249.5
Eig71Ec,440
Eig71Ed,216
Eig71Ee,1287
Eig71Ef,221
Eig71Eg,214
Eig71Eh,244
Eig71Ei,262.5
Eig71Ej,204
Eig71Ek,246
Eip55E,1199.173734
Eip63E,3123.307408
Eip63F-1,1551.412897
Eip71CD,792.6117957
Eip74EF,5375.603997
Eip75B,4644.956703
Eip78C,3645.244707
Eip93F,11056.93376
Ekar,2714.636427
Elal,1032.100865
elav,10221.89733
elB,3124.622975
Elba2,1294
Elba3,1247
Elf,2951.360647
elfless,1177
elg1,3934.197635
elgi,1377.407
Elk,5041.999999
elm,1005.534102
Elo68alpha,738
Elo68beta,641
EloA,2661.881677
EloB,1008
EloC,399.7932953
eloF,734
Elp1,3790.30731
Elp2,2339
Elp3,1664
ema,3332.967357
emb,4249.045403
emc,1850
EMC1,3066.555544
EMC3,765
EMC8-9,689
emp,2194.242776
ems,2279
en,2266
ena,4027.596434
enc,7140.629773
EndoA,3413.914235
EndoB,1991.353524
EndoG,925
EndoGI,1200.025905
endos,982.869797
Eno,1640.220672
enok,6947.044761
ens,4308.614683
Ent1,1763.166586
Ent2,1918.824069
Ent3,3075.117855
Eo,1846
Eogt,1653.793428
Epac,4222.601231
Eph,3954.545602
Ephrin,3445.146182
Eps-15,4152.346397
epsilonCOP,906
epsilonTry,631
Ercc1,751
eRF1,1611.920448
ergic53,2205.176692
Erk7,2915.308854
erm,2682
Ero1L,1901
ERp60,1608
ERR,1692.319881
Es2,1530
esc,1505
escl,1423.132236
esg,2074
esn,4291.857222
Esp,2347.697844
Est-6,1560.815552
Est-P,1541
Est-Q,1628
Esyt2,2778.334833
et,2197.796724
etaTry,712
Etf-QO,2074.186259
ETH,556
ETHR,3032.724107
Etl1,2877
Ets21C,4089.24575
Ets65A,2969.576529
Ets96B,2605
Ets97D,1659
Ets98B,3199.776695
eve,1207
Evi5,5343.730149
ewg,3465.987476
ex,6380.70093
exd,2305.598783
exex,2179
Exn,4424.965215
Exo70,2085
Exo84,2044.027622
exp,2746.028151
Ext2,2495
exu,1856.164061
ey,2743.434969
eya,2938.552373
eyg,2674.142289
eys,7925.875
f,3880.018977
f-cup,2283.827108
fa2h,1200
Faa,1222
fab1,6283.91731
fabp,553.8166673
Fad2,1113
Fadd,964
faf,9383.045023
Faf2,1988.209195
Fak,4182.951125
fal,1782.64276
FAM21,4403
fan,713
Fancd2,4388
FANCI,4324
Fancl,1047.485845
Fancm,4469.791542
fand,2594
fas,5680
Fas1,3210.333508
Fas2,3651.598127
Fas3,2790.493531
FASN1,8335.4061
FASN2,7567.065429
FASN3,7196
fat-spondin,2276
Fatp,2278.384691
fau,821
fax,3095.309862
fbl,2005.354549
Fbl6,3149.877116
fbp,951.848525
Fbp1,3200.591542
Fbp2,724.115028
Fbw5,2086
Fbxl4,2695
Fbxl7,2977
FBXO11,5326.054765
Fcp1,3064.500919
Fcp3C,764
fd102C,2125
fd19B,782
fd3F,2808
fd59A,2029
fd64A,1173
fd96Ca,1503
fd96Cb,889
Fdh,1138
fdl,3197.48317
Fdx1,521.8759226
Fdx2,664
FeCH,1207.1121
Fem-1,2454.572858
Femcoat,634
Fen1,1179
fend,3510.977101
feo,2225
FER,3044.037049
Fer1,1238.000024
Fer1HCH,1082.291779
Fer2,1134.451635
Fer2LCH,925.6948506
Fer3,637
Fer3HCH,552
fest,2633.875892
Fgop2,1355.788319
fh,724
Fhos,5167.356996
Fib,1119
Fibp,1028.40564
Fic,1719
fidipidine,1778
Fie,1289.128837
Fife,6546.108712
fig,981
Fili,4476.666667
Fim,3159.886132
Fip1,2219
Fis1,479.0194144
fit,332
Fit1,3220.331262
Fit2,2591
fj,3352
FK506-bp1,1100
FK506-bp2,434
Fkbp14,1101.159881
FKBP59,1309.118145
fkh,3974.403799
fl(2)d,2318.31314
FLASH,2793.810786
flfl,4928.869087
fliI,4628
fln,867.6437107
Flo1,1622.080367
Flo2,2588.587666
flr,2074.918184
flw,2536.346546
Fmo-1,1255
Fmo-2,1464
Fmr1,3441.460183
FMRFa,1228
FMRFaR,3507.490882
fne,7098.432533
fng,1760
Fnta,1010.368212
fog,3502.191147
foi,3398.767118
fok,1337.111636
fon,1845.246095
for,4216.871614
form3,5881.712344
FoxK,3091.192221
foxo,3479.066048
FoxP,2827.599828
Fpps,1266
fra,5982.539726
frac,4361.867856
fray,3277.772801
frc,1478.23458
fred,6509.297096
FRG1,704
frj,1903.058196
frma,1872.017429
Frq1,5396.14559
Frq2,3817.551702
frtz,3399.237538
fru,4829.013855
fry,10844.50334
Fs,3139.785836
fs(1)h,9161.399614
fs(1)K10,2853
fs(1)M3,5491
fs(1)N,6382
fs(1)Ya,2036
fs(1)Yb,3303
Fs(2)Ket,5167.688147
fs(2)ltoPP43,1400.335813
fsd,821
Fsn,1081.518773
Fst,978
ft,16653
ftz,1575
ftz-f1,5341.750586
fu,3052
fu12,1415.26123
fu2,1870.786138
Fuca,1493.954735
FucT6,2596
FucTA,2807.74954
FucTB,1247.703424
FucTC,1802
FucTD,1448
Fur1,4752.774046
Fur2,5455.434427
fus,3471.293087
fusl,2347.57157
fuss,2477.476091
futsch,21793.70665
fw,4076.56941
fwd,5825.206162
fwe,1251.8
fws,2241.603864
fy,1356.269862
fz,3618
fz2,4921.50569
fz3,2188.586493
fz4,3703.896764
fzo,2192
fzr2,1251
fzy,1797
g,3810.879691
G6P,995
G9a,6532.123371
GAA1,2189
GABA-B-R1,5197.598946
GABA-B-R2,3776.258835
GABA-B-R3,5133.401079
GABPI,1431.553957
Gad1,2831.048282
Gadd34,1398
Gadd45,1296
Gagr,1885.468611
Gal,2145.75882
Gale,1380.218886
galectin,1432.402285
Galk,1712.122101
galla-1,626.715301
galla-2,430
GalNAc-T1,2207.21411
GalNAc-T2,3269.06702
Galphaf,1626
Galphai,1868
Galphao,3430.525149
Galphaq,3326.028518
Galphas,1475.294201
Galt,1274.607772
GalT1,2112.976489
gammaCOP,2868.878373
gammaSnap1,918
gammaSnap2,803
gammaTry,611
gammaTub23C,1651
gammaTub37C,1357.474079
GAPcenA,3773.071841
Gapdh1,1143.466272
Gapdh2,1206.383198
GAPsec,1345
garz,6408.260624
Gas41,641
Gas8,1667.416207
Gasp,1350.184197
Gasz,1709
Gat,2671.499997
GatA,1462
GATAd,3070.043312
GATAe,2850.977051
GatB,1587
GatC,1371
gb,2346.914818
Gba1a,1578
Gba1b,1902.151205
gbb,1484.667687
Gbeta13F,3410.622139
Gbeta5,1346
Gbeta76C,1267
Gbp,254
Gbs-70E,2559.532164
Gbs-76A,3449.243249
GC,2280
GC1,1409.877645
GC2,879
GCC185,3841
GCC88,2123
gce,4924.112669
GckIII,2277
gcl,2265.852163
Gclc,3337.426443
Gclm,1061.472088
gcm,1843
gcm2,2129
Gcn2,5487.500572
Gcn5,2571
GCS1,3093.007047
GCS2alpha,2963.656915
GCS2beta,1982.323883
gd,1748.877479
Gdap1,1367.410698
Gdh,1907.543728
Gdi,1945.212871
gdl,823.2171658
gdl-ORF39,766
Ge-1,4614.411617
GEFmeso,5745.730782
gek,4909
geko,1119
Gel,2599.157571
gem,2608.966119
Gem2,971.4525128
Gem3,3382.011359
geminin,767.7628318
Gen,2074
Gfat1,2302.119589
Gfat2,2346
Gfrl,6869.015561
gfzf,2567.026437
Gga,2161
Ggamma1,976.6446935
Ggamma30A,2682.667851
Ggt-1,2070.712452
ghi,498
Gie,935.5180039
gig,5594.845531
GIIIspla2,1063.634588
GILT1,923
GILT2,513
GILT3,574
Gint3,1775.776492
Gip,797
Girdin,4971.059018
gish,2911.760352
Git,2304
Gk1,1687.038359
Gk2,2119.222769
gkt,2022
gl,2804
GLaz,870.7365179
GlcAT-I,1361
GlcAT-P,3155.620705
GlcAT-S,2012.571145
GlcT-1,3195
Gld,2700
Gld2,4430
glec,1851
Glg1,4192.893331
Gli,3866.243605
GlnRS,2256
glo,1907.77548
Glo1,521
glob1,801.4717015
glob2,1115.333333
glob3,919
GLS,2659.279356
Glt,3085.836193
glu,4322
GluClalpha,4488.31263
GluProRS,4428.528698
GluRIA,3611
GluRIB,5787.690378
GluRIIA,3054
GluRIIB,2750
GluRIIC,2805
GluRIID,2881
GluRIIE,3245
GluRS-m,1501
Glut1,2297.425601
Glut3,1512
Glut4EF,7450.906043
Glycogenin,2286.632575
GlyP,2889.140704
GlyRS,2280.710489
GlyS,2361.738479
GM130,2522
Gmap,4671.459296
Gmd,1362
Gmer,917
GMF,820
GNBP-like3,316
GNBP1,1586
GNBP2,1269.02521
GNBP3,1332
Gnf1,3009.997612
Gnmt,791
gnu,724
gny,1704.492973
godzilla,2723.863719
goe,3341.675563
gogo,4900
gol,3006.344234
Golgin104,2360
Golgin245,4885
Golgin84,1615
gom,1114
Gos28,695
Got1,1484
Got2,1375.81095
Gp150,4021.910503
Gp210,5869.614116
Gp93,2642
Gpa2,227
Gpb5,491.3983552
Gpdh,1549.932143
GPHR,1581
Gpi1,1398.526254
Gpo-1,2249.479162
gpp,8360.792704
Gprk1,2204.568798
Gprk2,4196.720252
gprs,5663.478802
Gr10a,2620
Gr10b,1052
Gr21a,1454.382266
Gr22a,986
Gr22b,962
Gr22c,953
Gr22d,964
Gr22e,971
Gr22f,938
Gr23a,941.0000062
Gr28a,1218
Gr28b,1387.212396
Gr2a,1309
Gr32a,1424
Gr33a,1435
Gr36a,977
Gr36b,986
Gr36c,974
Gr39a,933.0238293
Gr39b,911
Gr43a,1259.75
Gr47a,1007
Gr47b,1182
Gr57a,1052
Gr58a,989
Gr58b,1207
Gr58c,1040
Gr59a,905
Gr59b,902
Gr59c,995
Gr59d,974
Gr59e,1001
Gr59f,1022
Gr5a,1291
Gr61a,1465.328167
Gr63a,1271
Gr64a,1289
Gr64b,2659
Gr64c,2045.076157
Gr64d,2683
Gr64e,1306.519904
Gr64f,1247
Gr66a,1385
Gr68a,971
Gr77a,1197
Gr85a,995
Gr89a,890
Gr8a,1310
Gr92a,962
Gr93a,1251
Gr93b,989
Gr93c,995
Gr93d,947
Gr94a,1016
Gr97a,1106.013412
Gr98a,1720
Gr98b,1013
Gr98c,1028
Gr98d,1040
Gr9a,827
Graf,3956.735238
Grasp65,1598
grass,1121.129897
grau,1695
Grd,3872
grh,5151.148053
grim,1500
Grip,3475.869956
Grip128,3285
Grip163,4424
Grip71,2077
Grip75,1942
Grip84,3021.228965
Grip91,3372
grk,1519
grn,3384.576866
grnd,1832.930269
gro,3380.172781
grp,1993.330119
grsm,1758
Grx-1,370
gry,4394
Gs1,1821.194539
Gs1l,801.870433
Gs2,1580.065218
gsb,1450
gsb-n,2038
Gsc,925
gskt,1573
GSS,1706.857131
GstD1,628.0966804
GstD10,656.6690919
GstD11,705.6997224
GstD2,535
GstD3,547
GstD4,526
GstD5,641
GstD6,581
GstD7,557
GstD8,609
GstD9,579.8932656
GstE1,632
GstE10,743.4411487
GstE11,612.664299
GstE12,702.211119
GstE13,716.9792493
GstE14,809
GstE2,691
GstE3,556
GstE4,640
GstE5,535
GstE6,552
GstE7,566
GstE8,591.0882648
GstE9,589
GstO1,755
GstO2,718.1068467
GstO3,682
GstS1,1273.202354
GstT1,798
GstT2,688
GstT3,725.5602816
GstT4,1021
GstZ1,714
GstZ2,1000.998744
gt,1581
Gtp-bp,1857
gudu,2053
Gug,8350.46664
gukh,5282.106965
gus,1375.58432
GV1,794.8171113
gw,5098.46823
gwl,2895.520599
GXIVsPLA2,849.9812068
Gyc-89Da,2075
Gyc-89Db,2585
Gyc32E,3539.407921
Gyc76C,6025.690739
Gyc88E,4473.677864
Gycalpha99B,2155
Gycbeta100B,3867
Gyf,4761.732155
h,2015.984639
H,5442.290088
h-cup,1346
H15,2674.505177
H2.0,1463
haf,4864.538602
Hakai,1517.914061
hale,1185
halo,417
ham,3756.443089
Hand,514
hang,7785.634219
Hasp,2640.827035
Haspin,1616
hay,2356.712594
Hayan,2013.048267
hb,3033.510722
hbn,1599
hbs,4929.885855
HBS1,2086.493977
Hcf,5244.225301
Hcs,3699.875032
hd,1744.361907
HDAC1,1925
HDAC11,1477.498998
HDAC3,1461
HDAC4,5512.908785
HDAC6,3417.156709
hdc,7675.857692
Hdc,3081.042591
hdly,1478.620548
hdm,1262
He,418.5170338
HEATR2,3232
hebe,1671.790047
hec,2017.736836
heix,2931
Hel25E,1515.128977
Hel89B,6188.876942
Hem,3578
Hen1,1374
hep,5013.096296
heph,3513.30533
her,1918.163503
HERC2,15718
Herp,2009.742853
Hers,6218.855555
Hesr,415
Hex-A,3157.065978
Hex-C,1294
Hex-t1,1308
Hex-t2,1370
Hexim,1321.258952
Hexo1,1913.877872
Hexo2,1941
Hey,1488
Hf,697
hfw,2415.05821
hgo,1246
HGTX,2815
hh,2171
HHEX,1068
hid,3792.250946
hig,3890.605427
Hil,3162.714781
Him,721
HIP,1851
HIP-R,1865.289349
Hip1,3894.035182
Hip14,3451.463558
HipHop,950.4288202
Hipk,9570.88036
HIPP1,3169.855843
Hira,3221
His-Psi:CR31614,626
His-Psi:CR31615,116
His-Psi:CR31616,116
His-Psi:CR31754,104
His-Psi:CR33802,134
His-Psi:CR33805,241
His-Psi:CR33811,134
His-Psi:CR33867,327
His1:CG31617,824
His1:CG33801,824
His1:CG33804,824
His1:CG33807,824
His1:CG33810,824
His1:CG33813,824
His1:CG33816,824
His1:CG33819,824
His1:CG33822,824
His1:CG33825,824
His1:CG33828,824
His1:CG33831,824
His1:CG33834,824
His1:CG33837,824
His1:CG33840,824
His1:CG33843,824
His1:CG33846,824
His1:CG33849,824
His1:CG33852,824
His1:CG33855,824
His1:CG33858,824
His1:CG33861,824
His1:CG33864,824
His2A:CG31618,294
His2A:CG33808,277
His2A:CG33814,294
His2A:CG33817,294
His2A:CG33820,294
His2A:CG33823,294
His2A:CG33826,294
His2A:CG33829,294
His2A:CG33832,294
His2A:CG33835,294
His2A:CG33838,294
His2A:CG33841,294
His2A:CG33844,294
His2A:CG33847,294
His2A:CG33850,294
His2A:CG33853,294
His2A:CG33856,294
His2A:CG33859,294
His2A:CG33862,294
His2A:CG33865,294
His2Av,741.8911731
His2B:CG17949,396
His2B:CG33868,396
His2B:CG33870,396
His2B:CG33872,396
His2B:CG33874,396
His2B:CG33876,396
His2B:CG33878,396
His2B:CG33880,396
His2B:CG33882,396
His2B:CG33884,396
His2B:CG33886,396
His2B:CG33888,396
His2B:CG33890,396
His2B:CG33892,396
His2B:CG33894,396
His2B:CG33896,396
His2B:CG33898,396
His2B:CG33900,396
His2B:CG33902,396
His2B:CG33904,396
His2B:CG33906,396
His2B:CG33908,396
His2B:CG33910,396
His3.3A,639.7490655
His3.3B,1614.094717
His3:CG31613,330
His3:CG33803,330
His3:CG33806,330
His3:CG33809,330
His3:CG33812,330
His3:CG33815,330
His3:CG33818,330
His3:CG33821,330
His3:CG33824,330
His3:CG33827,330
His3:CG33830,330
His3:CG33833,330
His3:CG33836,330
His3:CG33839,330
His3:CG33842,330
His3:CG33845,330
His3:CG33848,330
His3:CG33851,330
His3:CG33854,330
His3:CG33857,330
His3:CG33860,330
His3:CG33863,330
His3:CG33866,330
His4:CG31611,214
His4:CG33869,327
His4:CG33871,329
His4:CG33873,329
His4:CG33875,329
His4:CG33877,214
His4:CG33879,214
His4:CG33881,214
His4:CG33883,214
His4:CG33885,214
His4:CG33887,214
His4:CG33889,214
His4:CG33891,214
His4:CG33893,214
His4:CG33895,214
His4:CG33897,214
His4:CG33899,214
His4:CG33901,214
His4:CG33903,214
His4:CG33905,214
His4:CG33907,213
His4:CG33909,214
His4r,387.5476614
HisCl1,1506.058209
HisRS,1807.823323
hiw,16493.52189
Hk,5862.193531
hkb,1368
Hlc,1805.291184
HLH3B,1229
HLH4C,1225
HLH54F,879
Hmg-2,1148
Hmgcr,3619
HmgD,902.1062728
Hmgs,1727.006409
HmgZ,615.3760326
Hml,11556.12131
Hmr,4497
Hmt-1,2787
Hmt4-20,5771.397918
Hmu,2161
hmw,1842
Hmx,2820.809775
Hn,1365.75124
Hnf4,2972.638228
hng1,882
hng2,1008
hng3,1053.741746
HnRNP-K,1876.736081
Ho,924
hoe1,3104.38116
hoe2,2689
hog,412
hoip,386.9380406
holn1,999
homer,2514.844047
hook,2118
hop,4856
Hop,1824
how,3037.919261
HP1b,1012.427237
HP1c,787
HP1D3csd,617
HP1e,393
HP1Lcsd,139
HP4,444.6689134
HP5,3443.514412
HP6,301
Hph,2196.432428
hpo,2588.064642
hppy,4122.178267
Hpr1,2112
HPS1,1875
HPS4,3270.688912
Hr38,6971.249891
Hr39,3881.691396
Hr4,10175.42788
Hr46,5618.9408
Hr51,1890
Hr78,2112.001021
Hr83,638
Hr96,2635
Hrb27C,3535.657442
Hrb87F,2044.24795
Hrb98DE,1950.473746
Hrd3,2854.429065
hrg,3659.775957
Hrs,2423.769368
Hs2st,1453
Hs3st-A,5417.850057
Hs3st-B,1917.943751
Hs6st,2676.251703
Hsc20,728
Hsc70-1,2352.5936
Hsc70-2,1975
Hsc70-3,2847.592667
Hsc70-4,2167.726304
Hsc70-5,2607.747233
Hsc70Cb,3067.285437
Hsepi,2852.540448
Hsf,2595.696947
Hsl,3339.21397
Hsp22,818.3510731
Hsp23,678.7245815
Hsp26,797.0233365
Hsp27,1043.828338
Hsp60,2157.902455
Hsp60B,2004
Hsp60C,1830
Hsp60D,1695
Hsp67Ba,1534
Hsp67Bb,508.2527747
Hsp67Bc,788
Hsp68,2032
Hsp70Aa,2183
Hsp70Ab,2176
Hsp70Ba,2125
Hsp70Bb,2148
Hsp70Bbb,2148
Hsp70Bc,2187
Hsp83,2543.29019
HSPC300,172.5495615
hth,5050.478725
htk,6815.913392
htl,3491.140719
HtrA2,2098.114922
hts,3397.737477
htt,11519.07118
hubl,862
Hug,834
hui,548.8972991
Hus1-like,871.4681369
hyd,8878.084683
Hydr1,1932.784436
Hydr2,2094.647501
hydra,1241.000003
hyx,2042.794284
I-2,1362.768465
I-3,614
I-t,688
IA-2,7531.284561
iav,3313
Ibf1,760.4686396
Ibf2,509
ICA69,1298.485544
Ice1,4338
Ice2,2290.741494
icln,633
ico,2304
ics,933.7306426
ida,2209
Ide,3240
Idgf1,1246
Idgf2,1242.660719
Idgf3,1498.833912
Idgf4,1362.509825
Idgf5,1296
Idh,1444.603735
if,5497.63061
ifc,1581.198855
igl,1905.586748
Ih,2766.259634
ihog,3077
IKKbeta,2289
IKKepsilon,2276.374303
IleRS,3672.059528
IleRS-m,2701
Ilk,1499.484317
Ilp1,432
Ilp2,471
Ilp3,552
Ilp4,605
Ilp6,1671.245831
Ilp7,845
Ilp8,668
IM1,162
IM14,28.546
IM18,109.3666969
IM2,168
IM23,269
IM3,155.5489044
IM33,168.451615
IM4,223.6029302
imd,1159.445132
Ime4,1772
Iml1,4545.79301
Imp,4708.735408
ImpE1,1569.595543
ImpE2,1509
ImpE3,895
ImpL1,958.0731519
ImpL2,2074.611096
ImpL3,1219.374957
IMPPP,781.8758432
in,2863
inaC,2152
inaD,2098.562978
inaE,3843.42782
inaF-A,1075
inaF-B,2914
inaF-C,1391
inaF-D,3009
inc,2685.19749
Incenp,2329.571992
ind,927
Indy,2294.014835
Indy-2,2760.5
ine,2652.729834
Ing3,2099
Ino80,5044
Inos,1787
InR,10197.68251
insb,757.5
insc,3688
insv,1350.537091
Int6,1321
intr,741
IntS1,6202
IntS10,2073
IntS11,1844
IntS12,985
IntS14,1726
IntS2,3469
IntS3,3183
IntS4,3267
IntS6,5559.246164
IntS8,3094
IntS9,1879
inv,2266.246942
Invadolysin,3411
Inx2,2298.167277
Inx3,1819.038476
Inx5,1615
Inx6,1676
Inx7,1435
iotaTry,619
Ip259,740.1877751
IP3K1,1258.775842
IP3K2,2602.017671
Ipk1,2048.563117
Ipk2,1033
iPLA2-VIA,3105.943085
Ipod,1570.982066
Ipp,1203
Ir100a,1613
Ir10a,1600
Ir11a,1781
Ir20a,1493
Ir21a,2430
Ir25a,2897.979786
Ir31a,2004
Ir40a,1146.552156
Ir41a,2146
Ir47a,2783
Ir47b,1104
Ir48a,1027
Ir48b,1604
Ir48c,1487
Ir51a,1482
Ir51b,1595
Ir52a,1601
Ir52b,1592
Ir52c,1601
Ir52d,1586
Ir54a,1706
Ir56a,1613
Ir56b,1237
Ir56c,1505
Ir56d,1700
Ir56e,40.2855
Ir60a,1952
Ir60b,1575
Ir60c,1130
Ir60d,1526
Ir60e,1520
Ir60f,262
Ir62a,1622
Ir64a,2381
Ir67a,1556
Ir67b,2096
Ir67c,1523
Ir68a,2241.634188
Ir68b,1709
Ir75a,1783
Ir75b,1619
Ir75c,1673
Ir75d,2113
Ir76a,1594.87996
Ir76b,2109
Ir7a,1646
Ir7b,1769
Ir7c,2036.208766
Ir7d,1586
Ir7e,1628
Ir7f,1784
Ir7g,1487
Ir84a,1736
Ir85a,1940
Ir87a,2216
Ir8a,2612
Ir92a,1838
Ir93a,2543
Ir94a,1589
Ir94b,1580
Ir94c,1616
Ir94d,1583
Ir94e,1637
Ir94f,1478
Ir94g,1439
Ir94h,1481
Irbp,1933.442181
Irc,2187.593022
Ire1,3835
Iris,1568
Irk1,2596.601842
Irk2,1654.917478
Irk3,1579.95802
Irp-1A,2683
Irp-1B,2702
IscU,756
isopeptidase-T-3,2074.794346
isoQC,1738.149887
Iswi,3367.799815
ItgaPS4,3162
ItgaPS5,3008
Itgbn,3044.304185
ITP,2440.539155
Itp-r83A,10067.10427
ix,528
Jabba,1475.649859
Jafrac1,815.3250398
Jafrac2,864.1368585
jagn,1399.942672
janA,475.0210875
janB,370
jar,4160.312304
Jarid2,8264
jb,392
jbug,6466.04517
jdp,1539.488295
jeb,9330.325598
jet,1097.331444
jhamt,827.5500356
JHDM2,2664.340574
Jhe,1779.042687
Jhedup,1559
Jheh1,1287
Jheh2,1438.338738
Jheh3,1377
JhI-1,2508
JhI-21,1932.130481
JhI-26,1296
jigr1,1622.055513
JIL-1,5702.598747
jim,5304.949201
jing,6389.356495
jnj,3391
Jon25Bi,667
Jon25Bii,685.5456339
Jon25Biii,628
Jon44E,1085.027601
Jon65Ai,665.8243048
Jon65Aii,634
Jon65Aiii,676
Jon65Aiv,705
Jon66Ci,639
Jon66Cii,631
Jon74E,1248.704131
Jon99Ci,708
Jon99Cii,663
Jon99Ciii,697.5819374
Jon99Fi,734
Jon99Fii,714
jp,3592.319342
Jra,1329.559645
JTBR,616.9448587
jub,2611.826996
jumu,3661
Jupiter,1299.480055
jv,5943.000662
jvl,5507.671538
Jwa,935
JYalpha,2926
Kah,2626
Kal1,1794
Kank,3541.643841
Kap-alpha1,2123
Kap-alpha3,2106.892871
Kap3,3453.856217
kappaB-Ras,1684.944102
kappaTry,738
kar,1996.958533
Karl,1137.217699
karr,267
Karybeta3,3988.13194
kat-60L1,2057.588844
Kat60,2395.481876
kat80,3076.57666
kay,3818.931843
Kaz-m1,509.9004073
Kaz1-ORFA,108
Kaz1-ORFB,407.9527359
kcc,3484.138726
KCNQ,2661.73639
KdelR,1124.114943
Kdm2,5102.841957
Kdm4A,1822.249992
Kdm4B,2831.940838
kdn,2311.510181
Keap1,2585.30444
Kebab,1980.210455
kek1,5504.631746
kek2,6740
kek3,4203.406846
kek4,2299.125535
kek5,5868.668925
kek6,6417
kel,5277
ken,2871
kermit,1734.617435
key,1219.473993
KFase,1046.205737
Khc,3519
Khc-73,7023.044724
kibra,5541.052292
Kif19A,2484
Kif3C,4177
kin17,1254
kirre,5073.418576
kis,10556.74202
kkv,5294.656142
kl-2,13187
kl-3,13683
kl-5,13481
klar,5258.396823
Klc,1646.283467
Klf15,833
klg,3853
klhl10,2568.444569
KLHL18,1913.835614
Klp10A,3682.793873
Klp31E,3607.555179
Klp3A,4149.647044
Klp54D,2111.9721
Klp59C,1921
Klp59D,2300
Klp61F,3672
Klp64D,2330
Klp67A,2739.273789
Klp68D,2795.944761
Klp98A,5323.433083
klu,4352.218038
Kmn1,538.0374764
Kmn2,376.3389164
kn,3561.192556
kni,1877.84605
knk,2475
knrl,3627.536616
ko,4163.746233
koi,2160.571152
koko,1062.136361
kon,7691.20146
KP78a,4789
KP78b,3334.291364
Kr,3194.540361
Kr-h1,4268.025559
Kr-h2,1325.990157
kra,1527.563802
kraken,1078.548498
kri,954.2864057
krimp,2350
Krn,1155
KrT95D,4186.445547
krz,2089.553721
ksh,236
ksr,3714.476868
kst,13090.33781
Ktl,2630.620273
kto,5816.688624
ktub,2298.173684
Ku80,2105
Kua,1586.920685
kug,14090.80544
kuk,2032.023922
Kul,7383.78228
kune,861
kuz,6036.209816
kz,3648.477432
l(1)10Bb,735
l(1)1Bi,3481
l(1)G0004,756
l(1)G0007,2934.008985
l(1)G0020,3047.340891
l(1)G0045,2580
l(1)G0156,1745.277525
l(1)G0193,2312.210679
l(1)G0196,5316.972067
l(1)G0255,1504.211876
l(1)G0289,3280.82962
l(1)G0320,1485.452129
l(1)G0334,1589.322899
l(1)G0469,3362.872384
l(1)sc,898
l(2)01289,4726.126895
l(2)03659,4269.937861
l(2)05714,860.5156306
l(2)09851,1438.889147
l(2)10685,1429
l(2)34Fc,471.8561023
l(2)34Fd,2122
l(2)35Bd,1570
l(2)35Be,601
l(2)35Cc,562.3358935
l(2)35Df,3386
l(2)37Bb,1509
l(2)37Cb,2592
l(2)37Cc,1160.956168
l(2)37Cd,1622
l(2)37Cg,232.0118637
l(2)41Ab,2763.556756
l(2)dtl,2454
l(2)efl,539.237566
l(2)gd1,2798.674542
l(2)gl,5092.145975
l(2)k01209,1929.358378
l(2)k05819,4694.925923
l(2)k09022,6273
l(2)k09913,1441.07206
l(2)k10201,621
l(2)k12914,327
l(2)k14505,762.8893473
l(2)k14710,2879.809579
l(2)not,1505
l(2)SH0834,737
l(2)tid,1630.087491
l(3)01239,653.6878828
l(3)02640,2357
l(3)03670,741
l(3)04053,2270
l(3)05822,2981.490427
l(3)07882,3007.422047
l(3)72Ab,6508
l(3)72Dn,2115.056263
l(3)72Dp,2318
l(3)72Dr,939
l(3)73Ah,1143.034409
l(3)76BDm,4080.701825
l(3)87Df,352
l(3)j2D3,1314
l(3)L1231,5603.885924
l(3)mbn,1980.19933
l(3)mbt,5199
l(3)neo38,5204.910693
l(3)neo43,295.4285095
l(3)psg2,6403
La,1350
lab,1899.098083
Lac,1957
laccase2,3029.994523
lace,2410.957341
laf,2205
Lam,2954.252981
lama,3139.443001
lambdaTry,753
LamC,2176.634273
Lamp1,1384
LanA,11491
LanB1,5916.804133
LanB2,5575.984557
lap,3688.746923
Lap1,3945.325259
Lapsyn,1431
Lar,7838.161354
lark,1645.792712
larp,6847.922954
Larp7,1850
Las,1174
Lasp,3698.7427
lat,2235.76393
lawc,2008.218085
laza,2117
lbe,2078
lbk,5307
lbl,1612.309288
lbm,825.0029909
LBR,2510.931338
Lcch3,1704
Lcp1,388.9761926
Lcp1Psi,257
Lcp2,341
Lcp3,375.598083
Lcp4,328
Lcp65Aa,301
Lcp65Ab1,214
Lcp65Ab2,217
Lcp65Ac,306
Lcp65Ad,369.5
Lcp65Ae,277
Lcp65Af,320
Lcp65Ag1,318
Lcp65Ag2,344
Lcp65Ag3,344
Lcp65APsi,64.0516
Lcp9,195
lcs,391
ldbr,1535
ldlCp,2816
lds,3344
Leash,2981
lectin-21Ca,741
lectin-21Cb,705
lectin-22C,658
lectin-24A,775
lectin-24Db,963
lectin-28C,922.0095565
lectin-29Ca,593
lectin-30A,580
lectin-33A,413
lectin-37Da,442.7916666
lectin-37Db,353.08271
lectin-46Ca,906
lectin-46Cb,840
Lectin-galC1,542.2691912
Lerp,3292.061453
Letm1,3752.356114
LeuRS,3652.872684
LeuRS-m,2821
levy,368.7086559
lft,1076.334202
Lgr1,2964.666667
Lgr3,2806
Lgr4,2671
lgs,5158
Lhr,989
lic,1752
lid,6722.251169
lig,4845.312487
lig3,2405
Lig4,2841
lili,2431.280385
lilli,6528.327299
Lim1,2646.520299
Lim3,2731.664152
LIMK1,4914.717117
lin,3455
lin-28,953
lin-52,623.1998032
link,1195
Lint-1,2149.700605
Lip1,1373
Lip2,1481.541161
Lip3,1235
Lip4,1425.286327
Liprin-alpha,5289.631841
Liprin-beta,2588.64569
Liprin-gamma,4496.709987
Lis-1,2234.529098
List,1648.41228
Listericin,251
Lk,427
Lk6,5193.395222
Lkb1,2301.680665
Lkr,2731
LKRSDH,3126.917227
LManI,2971.774466
LManII,3300
LManIII,2911
LManIV,2754
LManV,2864.128518
LManVI,2961
lmd,2399.546683
lmgA,2224.199833
lmgB,2582.994491
Lmpt,2288.678375
lms,1806.940802
Lnk,2853.511771
lobo,2660
loco,3216.182575
loh,2025.319241
loj,954.0366755
lok,1940.957991
lola,3159.408756
lolal,1202.278571
Lon,3520.816808
loopin-1,1850.823509
loqs,1753.806812
lost,2492
lov,3929.583796
lox,1236
lox2,1530
LPCAT,3179
Lpin,3600.909656
LpR1,4137.381562
LpR2,3672.96912
Lpt,4408.395489
lqf,3529.64716
lqfR,2879.191058
Lrch,3605.881538
LRP1,15564.99018
Lrpprc2,3183
LRR,4759.167558
Lrr47,1491.651227
Lrrk,7386.764071
Lrt,3461
LS2,1211
Lsd-1,1276.887701
Lsd-2,1998.292483
LSm-4,1276.293215
LSm1,389
Lsm10,344
Lsm11,868
LSm3,330.2036211
LSm7,420.494343
lsn,742
Lsp1alpha,2426
Lsp1beta,2429.490763
Lsp1gamma,2302
Lsp2,2154.834528
Lst,873.256581
Lst8,1561
lt,2732.063045
ltl,3695.707224
Ltn1,5205
LTV1,1498.535079
luna,5046.942512
lush,745.7916667
lute,3408.279492
lva,8790.118956
lwr,932.6345127
LysB,363.0276741
LysC,43.8484
LysD,281
LysE,381
LysP,416
LysRS,1779.010857
LysS,293
LysX,365
lz,2984.763308
m,3206
m-cup,3140.525948
M1BP,1320
M6,1801.477303
mab-21,1883
Mabi,664
mAChR-A,5173.499248
mAChR-B,4322.27859
Mad,2579.246926
Mad1,2240
mad2,619
Madm,3355.119452
mael,1640.898581
maf-S,433.9978018
Maf1,982.1691557
mag,1278
MAGE,744
Magi,4643.917436
mago,904
MagR,581.3231146
magu,2573.96466
mahe,7982.852782
mahj,5049.982517
mal,2580.482237
Mal-A1,1627
Mal-A2,1837
Mal-A3,1596
Mal-A4,1587
Mal-A5,1846.039606
Mal-A6,1708.497072
Mal-A7,1813.904063
Mal-A8,1615
Mal-B1,1615
Mal-B2,1807.070613
mam,6300.761421
mamo,10196.33151
MAN1,2050.5831
Manf,648
Map205,5089.964224
Map60,1615
MAPk-Ak2,1830.028481
Mapmodulin,1882.766326
Marcal1,2212
Marf,3384.579207
mars,3205.155559
mas,3455.80231
mask,13248.16079
Mat1,1014
Mat89Ba,3598
mats,1448.541452
mav,2506
Max,822.5957895
mbc,7246.622565
MBD-like,769.0376047
MBD-R2,3665
mbf1,1016.131254
mbl,6380.184793
mbm,1557
mbo,2367
Mbs,2895.213357
mbt,3070
Mcm10,2621
Mcm2,2699
Mcm3,2545.614846
Mcm5,2253
Mcm6,2591
Mcm7,2252
Mco1,3120.287657
MCO3,2003
MCPH1,2883.743883
Mcr,6097
Mct1,2755.805393
Mctp,3178.647637
MCTS1,715.1069187
Mdh1,1009.823945
Mdh2,1136
mdlc,1220
Mdr49,3869.455794
Mdr50,4057
Mdr65,3936
mdy,1889.835188
me31B,1499.638456
Mec2,1039
Med,3206.158267
MED1,4438.068267
MED10,417.2451612
MED11,514
MED14,5308.161535
MED15,2393
MED16,2556
MED17,1861
MED18,643.3756873
MED19,1651.273447
MED20,838
MED21,662.9266524
MED22,403
MED23,4483
MED24,3000
MED25,2567
MED26,4784.723702
MED27,881
MED28,544
MED30,904
MED31,741.67052
MED4,742
MED6,1511.539373
MED7,702
MED8,764
MED9,672
Mef2,3861.837503
mei-217,4806
mei-218,4732.316376
mei-38,1134.658971
mei-41,7700
mei-9,3326.837288
mei-P22,797
mei-P26,8999.920333
mei-S332,1369.338254
mei-W68,2101
Meics,1737.859991
meigo,1345.308941
Mekk1,5155.058587
melt,3900.969975
Meltrin,5436.232936
Membrin,659
Men,2234.449925
Men-b,2777.218189
Menl-1,3999
Menl-2,2738.226842
MEP-1,4705.739312
Mer,2343.798512
Mes-4,4388.482461
Mes2,2096.91222
Mes4,508.267169
mesh,4547.392248
Mesh1,443
MESK2,2141.869932
MESK4,1260.313305
meso18E,2564.069132
MESR3,1895.186722
MESR4,7519.781177
MESR6,1551.473179
Met,4679.943623
Met75Ca,43.8484
Met75Cb,42.9444
metl,945.532248
metro,2462.075596
MetRS,3204
MetRS-m,1872.673221
mew,4706.300707
mex1,571.8880918
mey,3030
Mf,1180.929646
Mfap1,1483
mfas,2621.185176
Mfe2,2022.522284
mfr,5347.540216
mfrn,2838
MFS1,1500
MFS10,2264.318861
MFS12,1752.804998
MFS14,2126.368037
MFS15,1632.313184
MFS16,2057.885287
MFS17,1396.611299
MFS18,1647
MFS3,1830
MFS9,1660.582827
Mgat1,2623
Mgat2,2669.698638
mge,893.1116515
mgl,16421.92497
mGluR,4394.696375
mgr,747
Mgstl,460.594235
mh,2150
Mhc,6508.072521
Mhcl,4389.168627
mi,3646
Mi-2,6278.457746
mia,1763.244013
mib1,3475.978309
mib2,3763.481434
Mical,9405.386928
MICAL-like,3158
mid,2588.035115
Mid1,6801.013261
mil,898
milt,4755.023541
mim,5742.044985
Mink,2312
mino,3038.857464
mio,2757
Mip,1197
mip120,3176.777869
mip130,3260
mip40,893
miple1,1694.467839
miple2,923.1258759
Mipp1,1655.214886
Mipp2,2259
mira,2750.771789
Miro,2577.933452
mirr,3693
Mis12,640
Mitf,2927.301823
Mitofilin,2558.259415
mkg-p,2208.605979
Mkk4,2477.754274
Mkp,1508.392205
MKP-4,2106.083613
Mkp3,2749.20634
Mkrn1,2329.536699
Mks1,2004
Mlc-c,1101.027474
Mlc1,749.9053758
Mlc2,2087
mld,6760.22507
mle,3846.977742
Mlf,1532.508382
Mlh1,1871.7188
Mlp60A,319.680717
Mlp84B,2228.550178
mlt,2237.757773
mmd,6196.378162
Mmp1,2960.969478
Mmp2,3825.742286
Mms19,3034
mms4,939
mmy,1811.412588
mnb,4953.662487
mnd,2158.919662
Mnn1,4531.491885
Mnt,3617.093646
Mo25,1904.451328
Mob2,1874.105685
Mob3,713
Mob4,1215.680047
Moca-cyp,3206.615973
Mocs1,2016.172331
Mocs2,1221
mod,1785.609975
mod(mdg4),1748.133878
mod(r),1129.325926
modSP,2090
Moe,2616.762053
mof,2815
moi,1890
mol,2044.395579
Mon1,1683
mon2,5568.975477
Mondo,3766.342378
moody,3478.817852
mop,5762
mor,3726.972548
morgue,1550
Mos,1141
Mp,3832.740925
MP1,1269.49476
Mp20,647.9569786
Mpc1,906.7533456
Mpcp,1522.847404
Mpp6,590.3510081
Mppe,1561.266284
Mps1,1915.9229
mr,2356
mre11,1814
MRG15,1297.135345
MrgBP,559
mri,1498.979445
mrj,1923.898543
mrn,1515
mRNA-cap,2044
MRP,5277.277093
Mrp4,4527
mRpL1,1021
mRpL10,704
mRpL11,535
mRpL12,539
mRpL13,472
mRpL14,443.8471079
mRpL15,830
mRpL16,734.1982435
mRpL17,587.8679444
mRpL18,541
mRpL19,837
mRpL2,840
mRpL20,403
mRpL21,639.4106473
mRpL22,774
mRpL23,400.2008029
mRpL24,676
mRpL27,350.0317097
mRpL28,955.410323
mRpL3,1044
mRpL30,497
mRpL32,505
mRpL33,150
mRpL34,128
mRpL35,552
mRpL36,296
mRpL37,1157
mRpL38,1200
mRpL39,938
mRpL4,813
mRpL40,517
mRpL41,395
mRpL42,285.5538439
mRpL43,584
mRpL44,923
mRpL45,1069
mRpL46,710
mRpL47,706
mRpL48,519.96742
mRpL49,503.5031569
mRpL50,540
mRpL51,429
mRpL52,359
mRpL53,630
mRpL54,483
mRpL55,257
mRpL9,595
mRpS10,529.0986883
mRpS11,530
mRpS14,363.8917505
mRpS16,347
mRpS17,514
mRpS18A,382
mRpS18B,577.5150389
mRpS18C,329
mRpS2,725
mRpS21,245.3997261
mRpS22,1142
mRpS23,508
mRpS24,401
mRpS25,442
mRpS26,626
mRpS28,492
mRpS29,1241
mRpS30,1733.837794
mRpS31,1078
mRpS33,292
mRpS34,510
mRpS35,945
mRpS5,1044.736887
mRpS6,401.8397195
mRpS7,621.2321562
mRpS9,1094
mrt,2619.406781
Mrtf,7333.878883
Ms,760.3931602
ms(2)34Fe,4627
ms(2)35Ci,1109
ms(3)76Ba,2133
ms(3)76Ca,1210
ms(3)76Cc,3547
ms(3)K81,512
msb1l,1167
MSBP,1264.807108
msd1,329
msd5,641
Msh6,3881
msi,4227.954393
msk,3780
msl-1,4278.713551
msl-2,3591.848968
msl-3,1771
msn,5573.284022
msopa,333.4439356
Msp300,26295.18376
mspo,2784.403607
msps,7127.201512
Msr-110,2500.505828
MsR1,3345
MsR2,2615.054141
mst,1776.632406
Mst33A,1062
Mst36Fa,1444
Mst36Fb,1359
Mst57Da,126
Mst57Db,14.9308
Mst57Dc,179
Mst77F,866
Mst77Y-13,503
Mst77Y-16Psi,852
Mst77Y-4,667
Mst77Y-7,461
Mst77Y-8Psi,457
Mst77Y-9,461
Mst84Da,159
Mst84Db,216
Mst84Dc,160
Mst84Dd,216
Mst85C,1151.441224
Mst87F,289.4549812
Mst89B,1088
Mst98Ca,1120
Mst98Cb,867
MstProx,3063
mt:ATPase6,476
mt:ATPase8,8.26769
mt:CoI,1337
mt:CoII,486
mt:CoIII,590
mt:Cyt-b,938
mt:ND1,740
mt:ND2,825
mt:ND3,155
mt:ND4,1140
mt:ND4L,92.0002
mt:ND5,1518
mt:ND6,326
Mt2,900.9709099
MTA1-like,4014.289843
Mtap,1057.683461
Mtch,1246.920052
mtd,2134.695508
mtDNA-helicase,1766
mTerf3,925
mTerf5,1800
MTF-1,2937.10085
mtg,2096.832259
mth,1838.583112
mthl1,4838.259623
mthl10,2444.393477
mthl11,1394.547883
mthl12,1268
mthl13,1124
mthl14,1892
mthl15,2632.602536
mthl2,1836
mthl3,1876.265092
mthl4,1731
mthl5,1750.221466
mthl6,1422
mthl7,1230
mthl8,3214
mthl9,1934
Mtk,69.0226
Mtl,1880.515733
mtm,1940.621501
MtnA,157.8101165
MtnB,174.2236794
MtnC,69.0226
MtnD,75.0077
MtnE,160.8939369
Mtor,7412.383205
Mtp,2731
Mtpalpha,2534.319831
Mtr3,1054
mtrm,893
mtRNApol,4372.843339
mts,1949.981666
mtsh,2305.375046
mtSSB,376
mtt,4307.597429
mTTF,1234
mtTFB1,1330
mtTFB2,1313
mu2,3910.889747
mub,3683.582312
muc,1948.085178
Muc11A,4666
Muc12Ea,9826
Muc14A,48534
Muc18B,877.4620536
Muc26B,1471
Muc30E,5054
Muc4B,1579.22453
Muc55B,1440.474318
Muc68Ca,9325
Muc68D,4603
Muc68E,5379
Muc91C,2910.5
Muc96D,2597
mud,8073.367135
Mul1,1444.617495
Mulk,1101
Mur11Da,1813
Mur18B,1416
Mur29B,1685
Mur2B,5711.250096
Mur82C,1586
Mur89F,7133.317136
mura,5676.527547
mus101,4669
mus201,3663.125828
mus205,6551
mus301,3165
mus304,2617
mus308,6221
mus312,3820.773819
mus81,1956
muskelin,2805.77872
mute,3872.388863
Muted,1309.228563
mv,11135
Mvl,2457.668272
mwh,3521.421378
mxc,5943.522406
mxt,2714.89931
Myb,2639.541536
Myc,7385.77276
Myd88,2749.404524
myo,2911.052078
Myo10A,9548.125441
Myo28B1,4434.277826
Myo31DF,3592.197153
Myo61F,3221.773555
Myo81F,6320
Myo95E,5047.125192
MYPT-75D,3796.033239
mys,3882.347804
Mys45A,2186
Myt1,1741
N,9943.467831
na,7472.682783
NAA15-16,3553.124773
NAA20,1006.693154
Naa60,2050.395711
Naam,1603.471469
NAAT1,2286
nab,2186.448845
Nab2,3291
nac,1026
Nacalpha,680.8371467
Nach,1352
nAChRalpha1,9873.561208
nAChRalpha2,2120
nAChRalpha3,7606.051056
nAChRalpha4,2231.003259
nAChRalpha5,8222.023202
nAChRalpha6,5041.882177
nAChRalpha7,5102.729584
nAChRbeta1,2201.540245
nAChRbeta2,1910.189656
nAChRbeta3,1333
NaCP60E,12472.06119
nahoda,5113.467615
Nak,4785.069483
nan,2648.640871
NANS,995
Nap1,1165.97667
NaPi-III,3286.617462
NaPi-T,1828.118412
NAT1,5418.28647
natalisin,1791.456691
nau,1322.262462
Nbr,2136
nbs,2394.135997
NC2alpha,1036
NC2beta,527
Nc73EF,3784.758965
Nca,700
Ncc69,3935.214227
ncd,2232.053007
Nckx30C,8855.192463
nclb,1350
ncm,4032
Ncoa6,9823.987927
nct,2516.799193
ND-13A,411.2277671
ND-13B,398
ND-15,365.2249902
ND-18,569
ND-19,487.3377904
ND-20,770.3640608
ND-20L,535
ND-23,620
ND-24,738.6419866
ND-24L,644
ND-30,777
ND-39,1317.167129
ND-42,1197.795647
ND-49,1375.949366
ND-49L,1501
ND-51,1358.889194
ND-51L1,1944
ND-51L2,1310
ND-75,2366.755295
ND-ACP,495.6095542
ND-AGGG,289.948331
ND-ASHI,552.755901
ND-B12,243.0356332
ND-B14,361.1887267
ND-B14.5A,347.1519461
ND-B14.5AL,559
ND-B14.5B,331.6938839
ND-B14.7,513
ND-B15,278
ND-B16.6,584.355561
ND-B17,580.3129684
ND-B17.2,429.42381
ND-B18,478.9474483
ND-B22,513.2153582
ND-B8,261
ND-MLRQ,219.3999982
ND-MNLL,297.6016911
ND-MWFE,193.9787869
ND-PDSW,473.9906827
ND-SGDH,561.152016
Ndae1,3939.639575
Ndc1,1779
Ndc80,2001
Ndfip,1895
Ndg,4571.571296
ndl,8031
neb,3393
Neb-cGP,238.4385335
nec,1434
Nedd4,3530.413067
Nedd8,339.8178411
nej,15084.86989
Nek2,2382
Nelf-A,4448.150562
NELF-B,2027
Nelf-E,1028
nemy,1780.906642
neo,2778.000279
Neos,1090.217758
Nep1,3294.471473
Nep2,2663.68422
Nep3,3847.5403
Nep4,3207.945674
Nep5,3248.759914
nerfin-1,3009
nerfin-2,2255
nero,915
nes,1965.167604
nesd,1820.640107
net,1948.886782
NetA,3072.986606
NetB,7563.822805
Neto,6175.82066
Neu2,952.1857405
neur,3557.061729
Neurl4,5523
Neurochondrin,2381
Nf-YA,1856
Nf-YB,640.2607513
Nf-YC,2323
Nf1,9478.157845
NFAT,5578.924237
NfI,4459.156725
ng1,324
ng2,347
ng3,395
ng4,68.0268
Nha1,2346.527765
Nha2,1993.196326
Nhe1,2352
Nhe2,5744.907572
Nhe3,2982.10739
NHP2,492.7350061
nht,749
NijA,926.3870673
NijB,542
NijC,462.5592134
niki,2592
NimA,2308.987002
NimB1,1087.780515
NimB2,1236
NimB3,267
NimB4,1279
NimB5,1135.837688
NimC1,2044.517979
NimC2,2368.508212
NimC3,653
NimC4,1083
ninaA,672
ninaB,1965
ninaC,4017.894548
ninaD,1461.904879
ninaE,1389
ninaG,1690
NiPp1,1150
Nipped-A,11276.17711
Nipped-B,6344.184365
Nipsnap,1161.837415
NitFhit,1328
nito,3707.258961
NK7.1,3158.043719
NKAIN,3305.528867
nkd,4733.673844
NLaz,785.4775635
Nle,1385
Nlg1,5649.782202
Nlg2,4779.714735
Nlg3,5922.326264
Nlg4,5923.880295
Nlp,761.8827911
nmd,1160.773121
Nmd3,1592
Nmda1,1490.436949
Nmdar1,3971
Nmdar2,5680.777717
Nmdmc,1023.918519
nmdyn-D6,665
nmdyn-D7,1193
Nmnat,1062.778156
nmo,4008.074844
Nmt,1613
NnaD,4127.581125
Nnf1a,483
Nnf1b,584
Nnp-1,2683
Noa36,939
noc,2593.809142
nocte,8422.060003
nod,2176.730678
noi,1660
nol,369
nolo,5033.873626
nom,1559.741279
nompA,4558.022647
nompB,2483.94024
nompC,6098.315928
Non1,2003.849105
Non2,1121
Non3,894
nonA,3007.100392
nonA-l,2396.554474
nonC,10420.90925
Nop17l,3341.867165
nop5,1614
Nop56,1547
Nop60B,1689.644323
nopo,1366.615895
Nopp140,2746.684001
nord,2618
norpA,6822.938857
nos,2105.639878
Nos,3946.940188
Nost,4491.640537
not,2333.826569
Not1,9782.869771
Not10,1885.593473
Not11,685.0848879
Not3,3367.584412
Notum,3593
Nox,4532.665179
Np,3712.399291
NP15.6,449
Npc1a,4006.742767
Npc1b,3772
Npc2a,452
Npc2b,635.295653
Npc2c,509
Npc2d,462
Npc2e,462
Npc2f,513
Npc2g,442.643473
Npc2h,425.030109
NPF,346.0872152
NPFR,2761.299033
Nph,479.0649391
Npl4,2023.313155
Nplp1,2068.583705
Nplp2,296.1827371
Nplp3,339
Nplp4,266.089849
Nprl2,1508
Nprl3,2109.050882
Nrg,5030.81872
Nrk,3036
nrm,4086.994863
Nrt,3279.423445
nrv1,1939.033415
nrv2,1839.679907
nrv3,2357.022725
Nrx-1,9004.381312
Nrx-IV,4741
Ns1,1696
Ns2,2034
Ns3,1885.241406
Ns4,1762
Nse1,725.9085222
Nse4,1054.139455
Nsf2,2438.105856
nsl1,5734.183878
nsr,1040.316666
nst,2003
Nsun2,2245
Nsun5,1299
nSyb,2755.081289
NT1,2764
NT5E-2,1820.413933
ntc,1373
Ntf-2,642.4855741
Ntf-2r,572
Ntl,1680.773507
Ntmt,854
NTPase,1918.952398
NtR,1676.151177
nub,2906.880146
NUCB1,2004
nudC,1065.578769
nudE,1791.146634
nuf,2924.947798
Nuf2,1091
Nufip,1441
nullo,647
numb,3041.123541
Nup107,2516
Nup133,3543
Nup153,7741.639498
Nup154,4585.494161
Nup160,4282.081752
Nup205,6204.93776
Nup214,5135
Nup358,8353.811242
Nup37,914.0075069
Nup43,1012
Nup44A,1081.468808
Nup50,1708
Nup54,1849
Nup58,1621
Nup62,1165.02166
Nup75,1947
Nup93-1,2587
Nup93-2,2298
Nup98-96,6022.794852
Nurf-38,973.9055717
nvd,1523
nvy,3029.977565
nw,1937.268507
nwk,4117.737859
nxf2,2593.690046
Nxf3,7027.580601
nxf4,908
Nxt1,330.7520471
nyo,3482
O-fut1,1340.356013
O-fut2,1435
oaf,2680.042966
Oamb,3370.630174
Oat,1302
Oatp26F,2219
Oatp30B,5136.826199
Oatp33Ea,2763.978124
Oatp33Eb,2544
Oatp58Da,1964
Oatp58Db,1891
Oatp58Dc,2650.555663
Oatp74D,3577.080903
Oaz,4436.007472
obe,6771
Obp18a,535
Obp19a,444
Obp19b,446
Obp19c,660.7790742
Obp19d,463.7512327
Obp22a,408.0001821
Obp28a,376
Obp44a,540.3573119
Obp46a,398
Obp47a,291.5
Obp47b,412
Obp49a,581
Obp50a,500.5
Obp50b,1449
Obp50c,1449
Obp50d,388
Obp50e,556
Obp51a,199
Obp56a,348
Obp56b,372
Obp56c,743
Obp56d,444.9228995
Obp56e,330.5882428
Obp56f,329
Obp56g,293.6083108
Obp56h,341.7940154
Obp56i,554.5
Obp57a,359
Obp57b,438.4319347
Obp57c,358
Obp57d,1289
Obp57e,212
Obp58b,490
Obp58c,492
Obp58d,530
Obp59a,812
Obp69a,347
Obp73a,643
Obp83a,627.1744098
Obp83b,329
Obp83cd,700
Obp83ef,702
Obp83g,370
Obp84a,583
Obp85a,344
Obp8a,398
Obp93a,392
Obp99a,376.6137805
Obp99b,381.5667773
Obp99c,380.9969954
Obp99d,301
obst-A,1343.265256
obst-B,950
obst-E,796.7099783
obst-F,870
obst-G,763
obst-H,716
obst-I,534
obst-J,1036
oc,4271.959859
Ocho,826.5
ocm,6718.660687
ocn,420
Ocrl,3477.081996
Oct-TyrR,3476.631116
Octbeta1R,4361.934042
Octbeta2R,5207.635333
Octbeta3R,4776.787315
Oda,1496.785492
Odc1,1054
Odc2,1069
odd,2148
OdsH,1090
Oga,3210
Ogg1,1108
ogre,1960.543426
okr,2679
olf186-F,2316.982699
olf186-M,1547
olf413,7453.479035
Oli,904.7784731
omd,3085.391866
ome,3245.072754
onecut,5999.33116
opa,2740
Opa1,2997.779347
Opbp,1630
opm,1024.285722
Optix,1670.264903
or,624
Or10a,2620
Or13a,1058
Or19a,965
Or19b,965
Or1a,989
Or22a,1222
Or22b,1099
Or22c,1010
Or23a,1164
Or24a,998
Or2a,1068
Or30a,935
Or33a,938
Or33b,941
Or33c,956
Or35a,1091
Or42a,1081
Or42b,1001
Or43a,1332
Or43b,1213
Or45a,3262
Or45b,992
Or46a,1073
Or47a,1160
Or47b,1040
Or49a,992
Or49b,1540
Or56a,1061
Or59a,941
Or59b,1300
Or59c,1200
Or63a,1446
Or65a,1055
Or65b,1022
Or65c,1034
Or67a,1298
Or67b,1163
Or67c,1016
Or67d,977
Or69a,983
Or71a,1192.191309
Or74a,1016
Or7a,1043
Or82a,959
Or83a,1163
Or83c,995
Or85a,995
Or85b,974
Or85c,971
Or85d,1040
Or85e,1205
Or85f,980
Or88a,1007
Or92a,1035
Or94a,965
Or94b,953
Or98a,995
Or98b,952
Or98P,20.9285
Or9a,980
orb,4090.605667
orb2,5854.799758
Orc1,2953
Orc2,1796
Orc4,1416
Orc5,1488
Orc6,773
Orco,1580.921169
Orcokinin,421.7755199
Orct,2001.63986
Orct2,2352.116288
ord,1979
org-1,3149.813347
Ork1,3866.53134
ORMDL,475
ort,1959
ORY,2546
Os-C,358.3261641
OS9,589
osa,9911.178726
Osbp,3049
Oscillin,1003.673216
OSCP1,987
Oseg1,3742.029724
Oseg2,5066
Oseg4,3804.837956
Oseg5,2371
Oseg6,4123
Osi1,962
Osi10,1532
Osi11,968
Osi12,1556
Osi13,1319
Osi14,892
Osi15,1033
Osi16,862
Osi17,2850
Osi18,1071
Osi19,925.5
Osi2,1201.96529
Osi20,1065
Osi21,1012
Osi22,958
Osi23,654
Osi24,2430
Osi3,930
Osi4,1317.033216
Osi5,691.5
Osi6,1441.331569
Osi7,2491
Osi8,936
Osi9,1161
osk,2667.396668
Osm6,1271
osp,5860.315961
Ost48,1314
OstDelta,2001.930174
Ostgamma,1046
OstStt3,2504
Ote,1372
otk,4475.470342
otk2,1769
otp,2285.45238
otu,2894.28699
ouib,942
out,2871.914526
ovo,5755.785694
ox,132
Oxp,172
oxt,3181
oys,3429.435331
p,2679.849362
p-cup,1676
p115,2616.496594
p120ctn,2486
p130CAS,2898.531108
p24-1,927.9509593
p24-2,1558.860236
P32,955
p38a,1273.034286
p38b,1622
p38c,985
p47,1233
p53,1403.295866
P58IPK,2018
P5CDh1,2568.091511
P5CDh2,2140.477809
P5cr,969
P5cr-2,810.548362
Pa1,1429
pAbp,3291.263723
Pabp2,1528.024294
pad,3077
Paf-AHalpha,1299.542444
pain,2559.192845
Paip2,1748.542732
Pak,3101.246818
Pak3,4770.022261
Pal1,1878.284455
Pal2,1836.787603
pall,1007
Pallidin,753
pan,5288.828426
PAN2,3851.803808
Panx,1788
papi,2124.719377
PAPLA1,6216.973958
Papss,2244.402208
Papst2,1352
par-1,4930.153237
par-6,2737.759821
para,15094.1315
Parg,2354.704225
park,1413.95272
Parp,2913
parvin,1638.283354
pasha,2348.48509
pasi1,634.1497986
pasi2,1184.113126
Pask,2985
Past1,2479.314168
Pat1,3433.49562
path,2559.059942
Patj,3064.560856
Patr-1,3952.346857
Patronin,6020.581759
Patsas,2267
pav,3008
Pax,1422.161276
pb,3499.236367
Pbgs,1285.214224
pbl,3563.760479
Pbp45,1171
Pbp49,1761.591514
Pbp95,2450
Pburs,346
Pc,2263
PCB,4175.525211
Pcd,526
Pcf11,2784.245213
pch2,1367.696999
PCID2,1076
pck,1126.78165
pcl,1111
Pcl,4104.916352
pcm,5127.45151
Pcmt,755.688016
PCNA,844.4035724
Pcp,519
pcs,2017
pcx,11896.53849
PDCD-5,451
Pdcd4,2968.93489
Pde11,6215.999362
Pde1c,4082.315851
Pde6,5684.005622
Pde8,4529.640064
Pde9,6560.360736
Pdf,481
Pdfr,2743.298372
pdgy,2439.562694
Pdh,715.5087054
Pdi,1906.451839
Pdk,2446.277923
Pdk1,3654.647163
pdm2,2810.85669
pdm3,4493.6073
Pdp,1792.348063
Pdp1,4023.32654
pds5,4489.325923
Pdxk,1391
PDZ-GEF,6190.501312
pea,3699
peb,7115.108175
Pebp1,447
Pect,1991.967441
PEK,4232.804535
pelo,1846
Pen,2378
pen-2,431.0543588
peng,2168
Pep,2405.253097
Pepck,2287
per,4304.01609
Peritrophin-15a,162
Peritrophin-15b,180.7455481
Peritrophin-A,1060.178839
pes,2704.804488
Pex1,3076
Pex10,947.3709943
Pex11,757
Pex12,927.3649514
Pex13,1569
Pex14,1050
Pex16,1240
Pex19,1077.508363
Pex2,852
Pex23,4305
Pex3,1594.656564
Pex5,1793.672903
Pex6,2705.59076
Pex7,1192
Pez,4277.314968
Pfk,3143.892143
Pfrx,2859.722879
Pgam5,900.5276817
Pgam5-2,1191
pgant2,3147.086564
pgant3,2685
Pgant35A,1961
pgant4,2212
pgant5,4160.48438
pgant6,2483.304122
pgant8,2000
PGAP3,1081.098821
PGAP5,1357.214737
pgc,573.2416899
Pgd,1538.151143
Pgi,2101.803778
Pgk,1351.501399
Pglym78,874.2793943
Pglym87,886
Pgm,1644
PGRP-LA,1132.397225
PGRP-LB,1001.318143
PGRP-LC,1647.882619
PGRP-LD,3223.661064
PGRP-LE,1226.629939
PGRP-LF,1156
PGRP-SA,578.6678456
PGRP-SB1,424
PGRP-SB2,471.1965845
PGRP-SC1a,389
PGRP-SC1b,555.0946649
PGRP-SC2,547
PGRP-SD,522
ph-d,5717.243427
ph-p,5587.730997
PH4alphaEFB,2049
PH4alphaMP,1683
PH4alphaNE1,1538
PH4alphaNE2,1583
PH4alphaNE3,1428
PH4alphaPV,1750
PH4alphaSG1,1509
PH4alphaSG2,1484
Phae1,903.1813626
Phae2,756.9480302
Phax,1345.108227
Phb2,1304.937078
pHCl,4643.697757
PHDP,743
PheRS-m,1327
Phf7,2046.980352
PHGPx,667.3461038
Phk-3,403.6318342
PhKgamma,2255.344424
Phlpp,3100.419749
phm,1827.259747
Phm,1290.772111
pho,2097.231125
phol,3169.549017
phr,1635.900586
phr6-4,1830.016394
phtf,3137
phu,1663
phyl,1640
PI31,936.2276868
Pi3K21B,4149.414664
Pi3K59F,2965
Pi3K68D,5311.096564
Pi3K92E,4226.910338
Pi4KIIalpha,2862.073621
PI4KIIIalpha,6796.194223
pic,3682
PICK1,1513.695398
pico,6240.399767
Picot,2384.607461
pie,1819.515312
Piezo,9090.195235
Pif1A,7052.867529
Pif1B,6190.197732
Pif2,688
PIG-C,904
PIG-S,1565
PIG-U,1279
PIG-V,1609.751275
Pig1,491
pigeon,3071.702086
pigs,6118.726682
Pih1D1,1411.14547
pim,760.7557131
Pink1,2590.866075
Pino,1875.117018
pins,3080
pinta,978.570189
pio,2535.415737
pip,1526.902384
PIP4K,1275.923844
PIP5K59B,3235.100726
PIP82,3890
pirk,1150.33073
Pis,1182.462478
pit,2165.480579
pita,2277.004197
Pitslre,3525.225522
piwi,2825.708577
pix,2023.404911
pk,4601.470965
PK1-R,2086.10044
PK2-R1,2553
PK2-R2,2418
Pk34A,1104
Pka-C1,4855.034472
Pka-C2,1147.663651
Pka-C3,2399.147615
Pka-R1,2665.137745
Pka-R2,3271.477035
pkaap,2240
Pkc53E,3110.212166
Pkc98E,4988.051878
Pkcdelta,3659.152963
PKD,2992.845941
Pkd2,3072
Pkg21D,2384
Pkn,4472.603885
Plap,2407.178671
Plc21C,5430.444371
Pld,4444.58297
ple,2913.12039
PlexA,6356.302216
PlexB,6576.061291
plh,703
Pli,2392.593781
Plip,701.5620989
pll,1714.069813
Plod,2415.967043
Plp,5276.635553
plu,417
plum,7170.797832
plx,5148.401598
Plzf,1901.932104
PMCA,4231.279095
Pmi,832.6231917
Pmm45A,2244
PMP34,1144.589002
Pmp70,2800.8736
Pms2,2841
pn,1439
png,915
Pngl,1954.870341
Pnn,1158.923536
PNPase,2539.258771
pnr,2635.550544
pnt,3643.837899
pnut,2278.31008
PNUTS,3000.593934
Poc1,1440.160258
pod1,5645.017589
poe,16007.77756
Pof,1609.746485
pog,4612.578714
Pol32,1254.109602
POLDIP2,1402.729473
polo,2245.955724
poly,991.139613
polybromo,4920
polyph,1325
Pomp,893
pon,2402
pont,1460
Pop2,1505.076512
por,2006.106014
porin,1188.024464
Porin2,870
POSH,2970
pot,4120.398701
Poxm,2367
Poxn,2121
Pp1-13C,1693
Pp1-87B,2004
Pp1-Y1,755
Pp1-Y2,1087
Pp1alpha-96A,2056.511777
Pp2A-29B,2231.739237
PP2A-B',2883.549685
Pp2B-14D,3311.645231
Pp2C1,5383.42271
Pp4-19C,1787.197746
Ppa,3833.773291
ppan,1278
Ppat-Dpck,1512
Ppcdc,872.3749761
Ppcs,3771.3864
PpD3,2229.305097
PpD5,1080
PpD6,1128
Pph13,1681
Ppi1,3121.401908
ppk,2263
ppk10,1454
ppk11,3013
ppk12,1511
ppk13,1315
ppk14,1316
ppk15,1253
ppk16,3013
ppk17,1288
ppk18,1463
ppk19,1337
ppk20,1496.308403
ppk21,1448.069024
ppk22,1248.422533
ppk23,1528.159036
ppk24,1589
ppk25,1163
ppk26,1890
ppk27,1182
ppk28,1991
ppk29,1493.603169
ppk3,1409
ppk30,1573.027235
ppk31,1067
ppk5,1122
ppk6,1426
ppk7,1523
ppk8,1623
ppk9,1577
ppl,701
Ppm1,1223
Ppn,9277.739689
PpN58A,983
PPO1,2139
PPO2,2081
PPO3,2029
Ppox,1456
PPP4R2r,2222.624343
Ppr-Y,1511
pps,6530.654973
Ppt1,986.6963311
Ppt2,992
PpV,1468.086673
PpY-55A,929.5
PPYR1,856
PQBP1,669
pr,874
PRAS40,2433
Prat,1905.353276
Prat2,1726.652265
PrBP,934
prc,5336
prd,2131
pre-lola-G,2867.710892
pre-mod(mdg4)-AA,2334.698948
pre-mod(mdg4)-AB,1939.027881
pre-mod(mdg4)-AD,1948.25478
pre-mod(mdg4)-AE,1710.156244
pre-mod(mdg4)-B,3429.670829
pre-mod(mdg4)-C,1725.642616
pre-mod(mdg4)-E,1996.815807
pre-mod(mdg4)-G,4317.000134
pre-mod(mdg4)-H,4361.710776
pre-mod(mdg4)-I,2991.48323
pre-mod(mdg4)-J,2858.628749
pre-mod(mdg4)-K,3427.025689
pre-mod(mdg4)-L,3379.680738
pre-mod(mdg4)-N,2376.404417
pre-mod(mdg4)-O,2249.683575
pre-mod(mdg4)-P,3358.030952
pre-mod(mdg4)-T,1625
pre-mod(mdg4)-U,3923.189738
pre-mod(mdg4)-V,2875.625032
pre-mod(mdg4)-W,2936.650132
pre-mod(mdg4)-X,2375.186371
pre-mod(mdg4)-Y,1846.979214
pre-mod(mdg4)-Z,1625
prel,1349.648961
Prestin,3354
primo-1,415.188094
primo-2,1137
PRL-1,2699.734927
Prm,3353.725869
Proc,1712.083904
Proc-R,2673.520926
prod,1398
prom,3785.361379
prominin-like,4248.72233
ProRS-m,1311.530986
pros,7036.863714
Prosalpha1,769.6824657
Prosalpha2,721
Prosalpha3,774
Prosalpha3T,690
Prosalpha4,977
Prosalpha4T1,692
Prosalpha4T2,970
Prosalpha5,684.8888548
Prosalpha6,843.8913155
Prosalpha6T,821
Prosalpha7,777
Prosap,8498.288395
Prosbeta1,653
Prosbeta2,835
Prosbeta2R1,878
Prosbeta2R2,1120
Prosbeta3,715
Prosbeta4,590.4599221
Prosbeta4R1,631
Prosbeta4R2,558
Prosbeta5,936.5044518
Prosbeta5R1,908
Prosbeta5R2,1109
Prosbeta6,745
Prosbeta7,848.1821362
ProtA,444
ProtB,480
Prp18,1105
Prp19,1558
Prp3,1928.329245
Prp31,1663
Prp38,997
Prp8,7243
Prpk,545
prt,1978
prtp,1564.220816
Prx2540-1,649
Prx2540-2,657
Prx3,818
Prx5,563.4191233
Prx6005,662
PRY,3545
ps,6097.952817
Psa,3480.890386
Psc,5988.416816
psd,1074.672746
Psf1,493
Psf2,626.7859113
Psf3,964.3562317
PsGEF,8036.2814
psh,1446
Psi,4504.872821
psidin,3310
Psn,1693.06392
psq,5310.262072
PSR,1391
pst,2238.152689
ptc,5322
Pten,2335.700093
Ptip,7869
PTP-ER,4870
Ptp10D,7211.891324
Ptp36E,3315.686406
Ptp4E,6244.655176
Ptp52F,4390
Ptp61F,2488.391076
Ptp69D,4967.67979
Ptp99A,5553.300443
Ptpa,1194
Ptpmeg,3784.758542
Ptpmeg2,2926.801707
Ptr,4459.312473
Ptth,762.081011
Ptx1,3312.032666
Pu,1574.544091
puc,2698.691542
puf,13080.54923
pUf68,2989.630633
pug,2916.121459
pum,7116.985622
Pur-alpha,1809.902637
Pura,4535.757973
put,2534.100515
Pvf1,1961.063856
Pvf2,1903
Pvf3,3868.469712
Pvr,5059.189782
PVRAP,2720
pwn,4811.963715
px,5558.700625
pxb,2852.398674
Pxd,2094.084594
Pxn,4787.985618
Pxt,2517
pyd,6769.211901
pyd3,1162
pygo,4308
PyK,1768.111716
Pym,784
pyr,3013
pyx,2656.051543
pzg,3682.095701
Pzl,6291
QC,942
QIL1,563
qin,5899
qjt,698.4709467
qkr54B,3387.458018
qkr58E-1,1571.043953
qkr58E-2,2544.196764
qkr58E-3,1349.783022
qless,2902.744054
qm,2197.798865
qsm,1633.683913
qtc,2310.371335
Qtzl,572.0064873
qua,3067.918208
qvr,4848.542909
r,6815.214715
r-cup,1941
r-l,1840
r2d2,1412.389714
Rab1,1605
Rab10,2137
Rab11,1473.677623
Rab14,1069.982778
Rab18,634
Rab19,841.445921
Rab2,1101.865241
Rab21,865.0954477
Rab23,2068
Rab26,2700.015354
Rab27,1344.583333
Rab3,3558
Rab3-GAP,4140.73601
Rab3-GEF,8102.098733
Rab30,1724.255158
Rab32,1826.444579
Rab35,1971.608301
Rab39,1116.073438
Rab4,1071.966746
Rab40,1398.213308
Rab5,1770.208882
Rab6,1664.607267
Rab7,1259.736387
Rab8,1775.168279
Rab9,1405
Rab9D,698
Rab9Db,672
Rab9E,690
Rab9Fa,672
Rab9Fb,679
Rabex-5,2174
RabX1,1449
RabX2,592
RabX4,1217
RabX5,723
RabX6,1087
Rac1,1596.856198
Rac2,2136.600014
RacGAP84C,1184
Rack1,970.8906927
rad,7442.178107
Rad1,1285
Rad17,1624
Rad23,1362.57336
rad50,3869
Rad51C,1719
Rad51D,933
Rad60,1343.071919
Rad9,1348.792164
Rae1,990
Raf,3084.518456
RAF2,3842.275101
RagA-B,1209
RagC-D,1359
Rala,2038.789492
Ran,1113.538255
Ran-like,808
Ranbp11,3196
Ranbp16,3465.368048
Ranbp21,5093.597349
RanBP3,1570.852345
Ranbp9,3066.797524
RanBPM,3764.508748
RanGAP,1891.781324
ranshi,960
rap,2411
Rap1,2522.250831
Rap2l,778.7053474
RapGAP1,4448.156638
raptor,6894.944556
ras,2271.494738
Ras64B,1421
Ras85D,1759
RasGAP1,5214.70197
rasp,1474
Rassf,3274
RASSF8,3230
Rat1,2939.761741
rau,2016
Ravus,1070
raw,3443.662084
rb,4576.731274
Rb97D,2617.027274
Rbbp5,1654
Rbcn-3A,10940
Rbcn-3B,6419.691743
Rbf,3420
Rbf2,2494
Rbm13,1114.868767
Rbp,7934.09364
Rbp1,712.1897211
Rbp1-like,1426.541303
Rbp2,3364.358651
Rbp4,1316
Rbp6,3745.731226
Rbp9,3298.070001
Rbpn-5,2120
Rbsn-5,1647
Rca1,1353
Rcc1,1998.788048
Rcd-1,1441.601769
Rcd-1r,985
Rcd1,3200.021795
Rcd2,2046
Rcd4,515.0313492
Rcd5,1748
Rcd6,2581.0385
Rcd7,1370.516256
Rcp,908.6002934
rdgA,7461.47559
rdgB,4779.451439
rdgBbeta,1183
rdgC,3961.270532
Rdh,241
rdhB,783.8456112
Rdl,7863.757047
rdo,3601.000013
rdx,2562.379291
reb,2012
rec,3592.278666
Reck,4039.670103
RecQ4,4842
RecQ5,3236.48888
Reep1,2113.307964
ref(2)P,2183.749143
Ref1,1129
Ref2,1180.666667
REG,1208.694702
Reg-2,684
Reg-5,1461.899321
regucalcin,942.2159204
Rel,2919.670874
rempA,5095.040506
Rep,1724
Reph,3458.849603
repo,2797
Reps,4553.822111
rept,1538.227067
REPTOR,4597.660017
REPTOR-BP,340.1909755
resilin,2082
Ret,4514.541667
retinin,599
retm,3194.919257
retn,3792.582318
Rev1,3045
rev7,632
Rfabg,10268.85002
RfC3,935
RfC38,1108.94626
RfC4,928
RFeSP,742.5461638
Rfx,4491.349265
rg,12966.11422
Rga,2616.226538
Rgk1,2517.214344
Rgk2,4449.209456
Rgk3,3029.059714
Rgl,4012.583909
rgn,4090.160729
rgr,3277.653078
Rh2,1166
Rh3,1192
Rh4,1150
Rh5,1202.172824
Rh50,1712.890035
Rh6,1208
Rh7,3815
rha,4089
rhea,9325.169556
Rheb,1015.664713
rhi,1371
rho,2469.219936
rho-4,2043.368605
rho-5,4486
rho-6,735.9989905
rho-7,1157.082978
Rho1,1325.23624
RhoBTB,2979.792833
RhoGAP100F,10311.38942
RhoGAP102A,4576.80875
RhoGAP15B,5601.519465
RhoGAP16F,2460.994224
RhoGAP18B,3526.989146
RhoGAP19D,8895.96423
RhoGAP1A,4818.070984
RhoGAP54D,3415.826017
RhoGAP5A,1732.640042
RhoGAP68F,2009.29321
RhoGAP71E,3940.35969
RhoGAP92B,2824.282387
RhoGAP93B,5154
RhoGAPp190,6401.247433
RhoGDI,1329.8439
RhoGEF2,7636.824284
RhoGEF3,3905.717073
RhoGEF4,1884.561081
RhoGEF64C,6979.025949
RhoL,862.7244776
RhoU,2458.709679
Rhp,2258.552226
rib,3757
Ric,2083.99781
RIC-3,2147.715652
ric8a,2436.988074
ric8b,437
Rich,4666.42702
rictor,6336.218394
Rif1,4406
rig,3924
Rim,9468.254512
Rim2,2076.72983
rin,4578.650544
Rint1,2195
RIOK1,1899.849154
RIOK2,1552
Rip11,2709.693602
Ripalpha,1060
rk,5187
rl,1886.432329
Rlb1,1245
Rlip,2318.626986
RluA-1,2703.299128
RluA-2,1731.106451
Rm62,2968.93794
Rme-8,7571.155102
rn,4025.939309
RN-tre,2466.445921
RNASEK,332.5474763
RNaseX25,1464
rngo,2011.494207
rnh1,908.0056674
rno,11435.77403
Rnp4F,2964.902081
RnpS1,1171
RnrL,2378
RnrS,1394
ro,984.2464593
robl,328
robl22E,265.5
robl37BC,468
robl62A,392
robls54B,268.084578
robo1,6264.078136
robo2,6007
robo3,5521.059888
Roc1a,575.4432803
Roc1b,307
Roc2,428.7399122
rod,6280
Roe1,866
rogdi,1851.300923
Rok,6762.45804
rols,5316.629882
Root,6607.684246
Rop,2110.002254
roq,4403.044793
Ror,2072
rost,1208.495624
row,3795.715131
Rox8,3070.870788
RpA-70,1936
RPA2,751.5953697
RPA3,379.595965
Rpb10,206
Rpb11,317
Rpb12,154
Rpb4,523
Rpb5,647.9491348
Rpb7,560
Rpb8,493
Rph,2692.702128
Rpi,877.592606
RpI1,4879
RpI12,331
RpI135,3365
RpII140,3633.138758
RpII15,543.8327371
RpII18,342
RpII215,6537
RpII33,771
RpIII128,3333
rpk,2319.056875
RpL10,597.128393
RpL10Aa,585
RpL10Ab,553.5774172
RpL11,546.2516633
RpL12,471.996445
RpL13,641.4528363
RpL13A,523.5932762
RpL14,420
RpL15,548.094109
RpL17,690.1176582
RpL18,538.6408585
RpL18A,436
RpL19,600.2681383
RpL21,455.6420933
RpL22,901
RpL22-like,1033
RpL23,343
RpL23A,817
RpL24,641.9508175
RpL24-like,574
RpL26,475.4472837
RpL27,385.8979117
RpL27A,410.8051179
RpL28,406.0476524
RpL29,158.103
RpL3,1209.253748
RpL30,330.9322728
RpL31,321.554785
RpL32,358.2153598
RpL34a,408.8739169
RpL34b,491.5249629
RpL35,393.9021088
RpL35A,422
RpL36,338.2533948
RpL36A,287.0999905
RpL37a,427.2959255
RpL37A,398.5563656
RpL37b,223
RpL38,223.5743482
RpL39,89.0004
RpL4,1201
RpL40,407.0001498
RpL41,121
RpL5,882.3468527
RpL6,767.9525496
RpL7,751.1770312
RpL7-like,773.9115999
RpL7A,904.7192965
RpL8,829.6961349
RpL9,591.9308062
RpLP0,1081.338941
RpLP0-like,749
RpLP1,454.2387065
RpLP2,405
Rpn1,2842
Rpn10,1189.426777
Rpn11,1009
Rpn12,796
Rpn12R,741
Rpn13,1230.945115
Rpn13R,889
Rpn2,3154.630247
Rpn3,1523.940462
Rpn5,1698
Rpn6,1626.797994
Rpn7,1194
Rpn8,1260.364205
Rpn9,1183.916847
Rpp20,1108.895058
Rpp30,808.0187344
rpr,702
RpS10a,405
RpS10b,588.3727794
RpS11,523.7555559
RpS12,414
RpS13,481.8953935
RpS14a,496.484766
RpS14b,394.7378611
RpS15,448.3761631
RpS15Aa,531.5727829
RpS15Ab,525
RpS16,411.9976707
RpS17,336
RpS18,392.7347731
RpS19a,506.458115
RpS19b,463.1078492
RpS2,743.6549531
RpS20,365
RpS21,234.3935868
RpS23,402.1494148
RpS24,447
RpS25,337.9786515
RpS26,491.4100002
RpS27,526.6523755
RpS27A,393
RpS28-like,166
RpS28a,105
RpS28b,340.5005361
RpS29,410.0868332
RpS3,724.5854961
RpS30,359.5548679
RpS3A,727.7892605
RpS4,810.45647
RpS5a,695.5181329
RpS5b,675.3916579
RpS6,789.1261817
RpS7,585.4481099
RpS8,583.7321064
RpS9,545.9594232
Rpt1,1316
Rpt2,1335.820775
Rpt3,1285.471688
Rpt3R,1216.635455
Rpt4,1266
Rpt4R,1192
Rpt5,1428
Rpt6,1205
Rpt6R,1246
Rrp1,2280.077708
Rrp4,887.2630573
Rrp40,658.5419042
Rrp42,782
Rrp45,1419.115926
Rrp46,620
Rrp47,700.1480311
Rrp6,2883.65554
Rs1,2352.361839
Rsf1,1146.099001
RSG7,4702.985866
rst,4640.054192
rt,3069
Rtc1,1102
Rtca,1849.990931
RtcB,1543
rtet,1523
Rtf1,2834.818016
RtGEF,3609.178825
Rtnl1,1234.046496
Rtnl2,749
rtp,761
rtv,892.5740552
ru,1599
rudhira,7020.3611
rumi,1334.307061
rump,2129.133108
run,2004.35497
RunxA,4617.656675
RunxB,3156
rush,1935.656178
rut,8126.742272
rux,1193.149545
Rx,3068
ry,4138
RYa,221
RYa-R,1727
RYBP,1943.85532
RyR,15665.03793
S,4327.46937
s-cup,1985
S-Lap1,1922
S-Lap2,1894
S-Lap3,1947
S-Lap4,1875
S-Lap5,1875
S-Lap7,1831
S-Lap8,1856
S1P,2937
S2P,1821
S6k,3941.912561
S6kII,3995.105223
S6KL,1827.999726
sa,757
SA,3435
SA-2,3020
Sac1,2166
sad,1574
Saf-B,2987.496251
Saf6,2213.888599
sage,1042.991661
SAK,3172
sala,1272.185443
salm,5916.618678
salr,4559.869738
sals,2805.703988
salt,1914.80585
Sam-S,2045.177328
SamDC,1025
Samuel,4423.312965
san,609
sano,4219.544841
Sans,1700.791868
santa-maria,2240.116228
Sap-r,3221.998171
Sap130,3871.83575
Sap30,1494.740277
Sap47,4600.800101
Sar1,1333.921238
Sara,4422
Sardh,2551
sas,4738.34048
Sas-4,2603
Sas-6,1308
Sas10,1464
sau,2059.451957
sav,2033.059769
sax,2234.163983
Sb,3582
sba,5612.879213
sbb,8155.68036
Sbf,6523.730631
Sbp2,856
sbr,3081
sc,1239
Sc2,906
SC35,1130.650551
sca,3241.271651
scaf,2851.057712
scaf6,2648.494357
Scamp,2199.329881
SCAP,4911
SCAR,2626.19967
scat,3359
scb,4216.581039
Sce,1343
sced,3017.572022
scf,1389.909956
Scgalpha,1423.854848
Scgbeta,995
Scgdelta,2030.062087
schlank,2183.999325
schuy,1718
SclA,772.1991643
SclB,674.6649011
Sclp,788.4078184
Scm,3767.992143
scny,3846.57116
SCOT,1572.729565
Scox,842
Scp1,824.0941085
Scp2,1084
scpr-A,674
scpr-B,699
scpr-C,763.9657495
ScpX,1684
Scr,3825.778273
scra,4015.110282
scramb1,1727.420455
scramb2,1387
scrib,7259.306097
scro,1354.0064
scrt,7882.814735
Scsalpha,1270.591706
scu,851.4325349
scw,1267
scyl,2851.296384
sd,3523.32788
Sdc,2603.174282
SdhA,2472.617254
Sdhaf3,271
SdhAL,1949
SdhB,1020
SdhBL,1689
SdhC,485.5110012
SdhD,695
Sdic1,1730.579222
Sdic2,1830.067537
Sdic3,1976
Sdic4,1621
sdk,8691.874806
Sdr,3319.237496
sds22,1155
sdt,5334.5102
se,626
sea,1194.793922
Sec10,2181
Sec13,1189.43353
Sec15,2600
Sec16,7195.47264
Sec22,1544.169141
Sec23,2476.062079
Sec24AB,4437.699574
Sec24CD,4333.503632
Sec3,2910
Sec31,3890.807877
Sec5,2686
Sec6,2206
Sec61alpha,1863.362066
Sec61beta,593
Sec61gamma,463.5888578
Sec63,2745
Sec71,5619
Sec8,3164
sei,2779.146741
Seipin,1846
sel,813
SelD,1352.859989
SelG,628
SelR,979.2259383
Sem1,228
Sema-1a,7931.438121
Sema-1b,3945.797799
Sema-2a,3326.97856
Sema-2b,4312.082998
Sema-5c,4086.531234
Semp1,590
Sems,684
Send1,676
Send2,575
senju,1406
sens,2252
sens-2,3268.720846
seq,3743.610634
Ser,5473.333333
Ser12,646
Ser6,702
Ser7,1214
Ser8,640
SERCA,3938.865494
serp,2052.244046
SerRS,1594.309381
SerRS-m,1412.797125
SerT,3070.617901
sesB,1467.305865
Sesn,2865.45493
Set,970
Set1,5123.909022
Set2,7288.233042
Set8,3741.84861
sev,7972
SF1,2346.338412
SF2,1705.165927
sff,6542.169839
sfl,5555.999317
Sfmbt,4250.283648
Sfp23F,123
Sfp24Ba,323
Sfp24Bb,257
Sfp24Bc,187
Sfp24Bd,185
Sfp24C1,164
Sfp24F,372
Sfp26Ac,110
Sfp26Ad,265.5010952
Sfp33A1,160
Sfp33A2,138
Sfp33A3,219
Sfp33A4,45.6799
Sfp35C,125.0012
Sfp36F,41.2041
Sfp38D,1035
Sfp51E,339
Sfp53D,486.998065
Sfp60F,161
Sfp65A,355
Sfp70A4,132
Sfp77F,894
Sfp78E,582.5188477
Sfp79B,36.0583
Sfp84E,486
Sfp87B,197
Sfp93F,130
Sfp96F,9.06081
Sgf11,601
Sgf29,849.8125119
sgg,3848.122496
sgl,2076
sgll,1112.298659
Sgs1,3751
Sgs3,910
Sgs4,753
Sgs5,437
Sgs7,122
Sgs8,160
Sgt,1108.66147
Sgt1,886
Sh,6280.779288
Sh3beta,1319.239854
SH3PX1,1947
sha,5696.112048
Shab,5420.761407
shakB,6173.885962
Shal,2509.124553
shams,1297
Shark,2977
Shaw,3826.851928
Shawl,5295.871268
Shawn,1454.321127
Shc,1401
shd,2240.927976
shep,4073.226246
Sherpa,3606.436075
shf,1585.690676
shg,6201
shi,3622.7638
shn,8956.253574
shot,15618.01152
shrb,1068
Shroom,3352.290894
shtd,6282
shu,1495
sicily,980.6037569
sick,5360.582618
Sid,1015
side,6489.972388
SIDL,3435
Sidpn,1989
sif,8550.748437
SIFa,327
SIFaR,4593
sigmar,1686.83195
Sik2,5031
Sik3,5789.417127
sim,2711.946437
sima,5101.498222
simj,4391.591605
Sin,1431.31625
Sin1,1828
Sin3A,7651.103827
sina,2986.532985
sinah,1251
sing,2072
sinu,1866
sip1,2526.653189
sip2,1915.006627
sip3,2460.910094
Sirt1,3610
Sirt2,1237.255538
Sirt4,925.2753424
Sirt6,915
Sirt7,2859
Sirup,527.895779
sisA,580
Six4,1549.748498
siz,4910.111381
SK,7433.369098
Sk1,2417.702872
Sk2,2395
Skadu,471
skap,1690.306755
skd,10054.5322
Skeletor,3404.508724
Ski6,711.9628817
SKIP,5780.079902
skl,1183
Skp2,1860.489235
SkpA,756.3599186
SkpB,678
SkpC,430
SkpD,457
SkpE,514
SkpF,496
sktl,3343.279705
sky,4057.563207
sl,5479
slam,3762.720743
slbo,2441.786683
Slbp,933
Slc45-1,2515.633521
SLC5A11,2461
Sld5,574
sle,4557.838706
slgA,2911.040395
Slh,2033.193216
sli,8683.438323
slif,2429.647794
Slik,5549.909017
slim,2824.976883
Slimp,1333
Slip1,2552.161175
SLIRP1,1079.839235
SLIRP2,211
sll,1789.623768
Slmap,2927.236369
slmb,3064.168554
slmo,1115.496457
Sln,3719
slo,5011.541054
Slob,4853.317116
slou,2471
slow,2065.41657
slp1,1226
slp2,2147
slpr,5106.648801
sls,32104.16316
Slu7,1632
slv,908.1845547
slx1,940
sm,4960.585868
SmB,577
SMC1,3725
SMC2,3491
SMC3,3821
SMC5,3086.59604
SmD1,530
SmD2,579
SmD3,545
SmE,322
SmF,268
smg,4478.229895
Smg5,4525.298079
Smg6,3111
smid,2972.690218
Smn,718.107341
smo,3809
Smox,4322
smp-30,873.238032
Smr,14317.78966
SMSr,2392
smt3,519.793151
Smu1,1533.594761
Smurf,4765.978721
Smvt,1797
Smyd3,1563
Smyd4-1,2172.545677
Smyd4-2,1966
Smyd4-3,1975
Smyd4-4,2275
Smyd5,1157
SmydA-1,1575
SmydA-2,1657
SmydA-3,1564.048138
SmydA-4,1934.412543
SmydA-5,1678
SmydA-6,1591
SmydA-7,1528.073805
SmydA-8,679.6658247
SmydA-9,1905.83306
sn,2980.406135
sna,1469
snama,3491.758907
Snap24,1647
Snap25,2034
Snap29,1013
Snapin,1052
SNCF,409
snf,636
SNF4Agamma,3807.565693
sni,1052.029383
snk,1207.371949
snky,2033
Snm1,2390
Snmp1,2044.080391
Snmp2,2321.063929
sno,5808.229924
Snoo,6934.072145
Snp,1622.165644
sNPF,2248
sNPF-R,3819.001288
Snr1,1136
snRNP-U1-70K,2204.355956
snRNP-U1-C,488
SNRPG,250.7716506
sns,8309.903726
Snup,3046
Snx1,1828.942385
Snx16,1500
Snx3,1248.412692
Snx6,1607.974752
snz,5021.22687
so,2587
sob,2412
Sobp,2700.368911
Socs16D,4663.875815
Socs36E,3272.626713
Socs44A,1641
Sod,536.1621422
Sod2,725.243193
Sod3,946.5529166
Sodh-1,1045.28299
Sodh-2,1147
sofe,2099.832362
sog,5425.654765
sol,4941.971156
solo,3128.138703
Sos,5436
sosie,1304.070503
soti,838
sowah,2085.443279
sowi,631
Sox100B,1850
Sox102F,2831.088935
Sox14,3100.147573
Sox15,3452
Sox21a,2136
Sox21b,2598.902657
SoxN,3827
SoYb,4675.151341
SP,28.546
Sp1,3454.304405
SP1029,2831.295738
SP1173,2865.735314
Sp212,1482
SP2353,5998.207864
SP2637,1621.421039
SP555,1798.747367
Sp7,1292.054149
spag,1626
spag4,892
SPARC,943.984258
spartin,1889.489895
spas,3344.981546
Spase12,294
Spase22-23,574.9742641
Spase25,685.6417045
Spat,1211
spaw,1353
Spc105R,5906.175868
Spc25,769
spd-2,3487
spdo,1888
SpdS,862.995016
SPE,1068
Spec2,1549
spel1,3021.512423
spen,18999.32494
Spf45,1171.554335
spg,7573.14528
SPH93,1388
spheroide,1064
sphinx1,716
sphinx2,848.5
spi,1376.612368
spict,1262
spin,2977.399407
Spindly,2344
spir,4188.198304
spirit,1362.276598
sPLA2,550.4073045
Sply,1831.627987
Spn,8140.249703
spn-A,1081.967711
spn-B,1185
spn-D,827
spn-E,4479
spn-F,1266
Spn100A,1839
Spn27A,1433.521985
Spn28B,987
Spn28Da,1071
Spn28Db,989
Spn28Dc,1593
Spn28F,1014
Spn31A,1229
Spn38F,993.0068199
Spn42Da,1295.828212
Spn42Db,1176.63195
Spn42Dc,1401.612714
Spn42Dd,996
Spn42De,1127.833333
Spn43Aa,1095
Spn43Ab,1130
Spn43Ad,1233
Spn47C,1208.917211
Spn53F,1080
Spn55B,1098
Spn75F,950
Spn77Ba,1784.562626
Spn77Bb,962
Spn77Bc,1231.588609
Spn85F,2100
Spn88Ea,1321.446399
Spn88Eb,1232
spo,2218.87879
SPoCk,3761.245745
spok,1568
spoon,4003.885819
Spp,1537
SppL,2333.181503
Spps,3291
SPR,2682.877911
Spred,3107.16922
spri,4497.058715
Sprn,1700
sprt,2596
Sps2,1171.372657
Spt,1920
Spt-I,1572.40911
Spt20,7410.145767
Spt3,1196
spt4,258
Spt5,3261
Spt6,5915.933117
Spt7,1110
Sptr,944
Spx,1444
spz,1829.371337
spz3,2353
spz4,2755
spz5,1797
spz6,1448
sqa,2690.202186
sqd,4018.886817
sqh,927.9856979
squ,897.9124682
sqz,3059
sr,4574.346042
Sr-CI,1911.864792
Sr-CII,1844
Sr-CIII,969
Sr-CIV,1191
sra,1657.926185
Sra-1,4429
Sras,1072
Src42A,2917.62549
Src64B,4229.094786
SREBP,3622.755547
srl,4213.956097
SRm160,3663
sro,955
srp,3580.761858
Srp14,265
Srp19,454
Srp54,1935
Srp54k,1816
Srp68,1933
Srp72,1950
Srp9,622
SRPK,4077.725114
Srpk79D,3810.73521
SrpRbeta,880.3218916
srw,324
Sry-alpha,2940.124731
Sry-beta,1247.611747
Sry-delta,1347
ss,4647.182435
Ssadh,1661.139322
Ssb-c31a,337
Ssdp,4928.562323
Sse,1978
ssh,4413.947868
Ssk,669.1010957
Ssl,709
Ssl1,1438.407322
Ssl2,1320
ssp,1213
ssp2,3990.031777
ssp3,6039.128195
ssp5,2185
ssp6,3420.476975
ssp7,169
SsRbeta,751
Ssrp,2308
sstn,2655
Ssu72,1528.624182
ssx,2923.967693
st,1947
St1,1007
St2,938
St3,930.4425806
St4,912.7244808
ST6Gal,1661.151319
sta,882.3182069
stai,1708.190152
Stam,2655
stan,11995.03172
Start1,1879.705359
stas,1716.628786
Stat92E,3637.15355
stau,4765.137912
stc,3927.91684
stck,1218.012222
Ste:CG33236,800
Ste:CG33237,408
Ste:CG33238,409
Ste:CG33239,408
Ste:CG33240,408
Ste:CG33241,408
Ste:CG33242,405
Ste:CG33243,408
Ste:CG33244,408
Ste:CG33245,408
Ste:CG33246,408
Ste:CG33247,408
Ste12DOR,364
ste14,1008.82282
ste24a,1348
ste24b,1265
ste24c,1517
step,2518.261128
stet,1702.873716
SteXh:CG42398,416
stg,2421.770998
stg1,3599
sti,5874.68754
stil,972
Stim,2019.016811
stj,5594.041656
stl,4189.927798
Stlk,1553.397186
stmA,2548.387312
stnA,7963.382449
stnB,7963.382449
stops,1849.030248
Strica,2208.948609
Strip,3427.764105
Strn-Mlck,3807.003741
Strumpellin,3569.200077
STUB1,1078
stum,2354.28338
stumps,3761.348847
stv,2537.153579
stwl,3651.458443
sty,3756.98161
Su(dx),4002.467912
su(f),2445.749148
Su(fu),1397
Su(H),2694.173221
su(Hw),3110.389573
Su(P),1213
su(r),3200
su(sable),4612.519022
Su(Tpl),5372.370387
Su(var)2-10,2337.88726
Su(var)2-HP2,6639.940997
Su(var)205,831.108911
Su(var)3-3,3460.902599
Su(var)3-7,4696.450197
Su(var)3-9,2187
su(w[a]),3504.444283
Su(z)12,3811.186643
Su(z)2,6352.028244
sub,1970.807966
subdued,3453.503952
Sucb,1342.398538
sud1,1627
sug,1153.062667
Sugb,3025.457304
Sulf1,4487.812954
sun,207.2960973
sunn,2804
sunz,722
Sur-8,3821.925098
Surf1,856
Surf4,1442
Surf6,951
sut1,2213
sut2,1409
sut3,1385.01322
sut4,1487
SuUR,3577
Suv3,2504.681533
sv,3700.220412
svp,3147.225398
svr,3715.556207
sw,2668.131427
swa,1823
swaPsi,1238.194782
swi2,2383
swif,1088.307969
Swim,1803.592736
SWIP,3359
Swip-1,1567.075604
swm,3899.344129
sws,4036.215559
Sws1,1285
sxc,3382.2156
sxe2,1384
Sxl,3379.460719
Syb,724.4501494
syd,4802.366838
Sym,3787
Syn,5283.146583
Syn1,3337.778555
Syn2,2963.303822
Synd,2006.966099
Syngr,2511
Synj,4320.874886
Syp,6238.08944
Syt1,4542.274468
Syt12,4622.04926
Syt14,3028.35286
Syt4,2904
Syt7,2603.49517
Sytalpha,2285.287857
Sytbeta,3675.281727
Syx13,1293.19879
Syx16,1083
Syx17,1367
Syx18,1243
Syx1A,3652.960736
Syx4,1207.448571
Syx5,1630.324015
Syx6,1343.48332
Syx7,1380.320022
Syx8,698
t,1549.078913
T-cp1,1772.963793
t-cup,519
T3dh,1760
T48,2245.887463
Tab2,3041.815756
tacc,2686.042219
Tace,2149.158889
tadr,2457
Taf1,6454.225253
Taf10,465
Taf10b,361
Taf11,578
Taf12,841.6307484
Taf12L,392
Taf13,429
TAF1B,2908.190167
TAF1C-like,2554
Taf2,3711.072494
Taf4,4390.33073
Taf5,2163
Taf6,1856.999997
Taf7,1441.141685
Taf8,1142
tai,7950.771085
Tailor,1715.925698
Tak1,2701.022553
Takl1,1124
Takl2,729
tal-1A,1341
tal-2A,1341
tal-3A,1341
tal-AA,1341
Taldo,917
tam,3480
tamo,3904.170667
Tango1,4462.302404
Tango10,2875.717065
Tango11,1396.676665
Tango13,4918.251099
Tango14,1072.292856
Tango2,1260.336882
Tango4,1421
Tango5,2024.702914
Tango6,2660
Tango7,1232.894626
Tango8,10.528
Tango9,1464.408399
tank,1918.086648
tant,1409.970619
Tao,2892.92015
tap,1931
Tap42,1136
tapas,3449.845506
Tapdelta,636.881567
tara,3869.043249
Task6,3740.91146
Task7,1528
Tasp1,1856.204728
tau,2021.646731
tay,8419.825073
Taz,1298.61955
Tb,832
Tbc1d15-17,2789.965963
TBC1D16,2697
TBC1D5,2119
TBCB,967
TBCD,3711
Tbce,1894.695997
TbCMF46,1564
Tbh,3572.399555
Tbp,1188
TBPH,2059.741198
tbrd-1,1527
tbrd-2,2133
tbrd-3,644
Tcp-1eta,1765
Tcp-1zeta,1725
Tcs3,981
Tctp,851.8051886
Tdc1,2082
Tdc2,2104
Tdrd3,2445
tectonic,2451
tef,1969
tefu,8217
Teh1,4340
Teh2,1958.685486
Teh3,1387
Teh4,2533
Tehao,2719.784723
tej,1743
Tektin-A,1828
Tektin-C,1332.124751
temp,1921.838628
Ten-a,12458.16228
Ten-m,11313.95696
Tengl1,909
Tengl2,819
Tengl3,915
Tengl4,1209
Tep1,4020
Tep2,4343.047998
Tep3,4729
Tep4,4497.76721
Tep5,3356
Tequila,4537.6171
TER94,2820.958242
term,1270
Tes,2903
Tet,9668.107447
tex,864
tey,2690.227876
TFAM,968.2115066
TfAP-2,1606.000033
Tfb1,1856.243543
Tfb4,800
Tfb5,647
TfIIA-L,1387.725869
TfIIA-S,418
TfIIA-S-2,263
TfIIB,1255.137202
TfIIEalpha,1423
TfIIEbeta,850.3271451
TfIIFalpha,1739
TfIIFbeta,919
TfIIS,1260.274866
Tg,2441.804277
Tgi,1728.963414
tgo,2894.272825
Tgs1,1890
Tgt,1367
tgy,1129.362479
TH1,1922.869514
Thd1,6524.744909
thetaTry,848
THG,945.4516623
Thiolase,1394
tHMG1,354
tHMG2,369.5525201
tho2,5203.476442
thoc5,1836
thoc6,1126.693495
thoc7,729.8886842
Thor,556
thr,4256.665789
ThrRS,2175.174326
ths,6488.952709
Tie,5037
Tif-IA,1941
Tig,6804.780422
tilB,1159
tim,5001.192087
Tim10,529.1802799
Tim13,243
Tim17a1,698
Tim17a2,792
Tim17b,716.6939317
Tim17b1,586
Tim17b2,590
Tim23,694
Tim8,486.7448157
Tim9a,292.6470954
Tim9b,1429.419134
timeout,4138
Timp,1392
tin,1465
Tina-1,722.7254091
tinc,6818.889897
tio,5422.329211
Tip60,1774.190879
tipE,3570.891382
Tis11,4345.023026
tj,3293
Tk,1376.593774
tko,478.7588453
TkR86C,2460
TkR99D,2677.089644
tkv,2930.964959
Tl,4929.282206
tld,3160
Tlk,6078.752219
tll,1766
Tm1,1281.173179
Tm2,1134.873405
TM4SF,1351.665072
TM9SF2,2604.586744
TM9SF3,2454
TM9SF4,2290.254214
Tmhs,1214.68507
tmod,2641.649737
TMS1,1544.026029
tn,4218.126972
tna,4712.046281
tnc,10096.66881
Tnks,5287
to,900.0958561
Tob,4541.351838
tobi,1905
toc,4794.004907
toe,2185.547228
tok,5154.292191
Toll-4,3179
Toll-6,6171.593686
Toll-7,6197
Toll-9,2532.315152
Tollo,7015
Tom,764
Tom20,592.2530281
Tom40,1794.987361
Tom7,213.9193875
Tom70,2025.62364
tomb,637
tomboy20,482
tomboy40,1052
Tomosyn,4779.178572
Top1,3604.145904
Top2,4785.252757
Top3alpha,3726
Top3beta,2830.50638
topi,2453
Topors,3860.600278
tor,2924.488418
Tor,7785.922878
Torsin,1008.130709
tos,2191
TotA,380
TotB,327
TotC,331
TotF,307
TotM,324.7019488
TotX,403
TotZ,374
tou,8279.002203
tow,2284.52384
toy,3163.592867
Tpc1,1901.706466
Tpc2,2570
Tpi,975.6749876
Tpl94D,1290.5
TpnC25D,476.5520469
TpnC4,586.889968
TpnC41C,660.0615214
TpnC47D,429.8582007
TpnC73F,806.9740576
TppII,4303.947359
Tpr2,2114.817847
Tps1,2721
tra,585.3198327
tra2,1205.523361
Traf-like,1859.658007
Traf4,2163.483554
Traf6,2589
tral,3485.274083
TRAM,1532.57786
Trap1,2114.791127
Trax,900.7217984
trbd,3480
trbl,2173
trc,2308.289412
Trc8,3250.988989
Tre1,1427.576366
Treh,2612.110312
trem,1326
Tret1-1,1911.265791
Tret1-2,1496
Trf,784
Trf2,8881.932656
Trf4-1,4366.352496
Trf4-2,1480.772799
trh,4286.36597
Trh,1984
Trim9,3342.879212
trio,4412.024797
Trip1,978
Trissin,352
TrissinR,3050.96002
trk,683
Trl,2985.841552
trn,3166
Trn,5270.586751
Trn-SR,3240.556787
tRNA:CR32123:Psi,3.16745
tRNA:Glu-CTC-6-1Psi,3.50437
tRNA:His-GTG-2-1Psi,3.52559
tRNA:Ile-AAT-2-1Psi,3.59105
tRNA:Lys-CTT-2-1Psi,3.5471
tRNA:Thr-AGT-3-1Psi,3.56892
trol,12379.98593
trp,3930.059244
Trp1,1675.614831
TrpA1,3714.238934
Trpgamma,4805.661947
trpl,3574.687548
Trpm,6667.967061
Trpml,2871
TrpRS,1484
TrpRS-m,2238.96881
trr,8052.003761
Trs20,376
Trs23,566
Trs31,467
Trs33,384
trsn,665
trus,1547
trx,12541.35859
Trx-2,676.2744891
Trxr-1,1862.382155
Trxr-2,1595
TrxT,905.025554
Try29F,803.4106951
Ts,1004.542106
Tsc1,3697
Tsf1,1852.751929
Tsf2,2685
Tsf3,2178
tsg,688
TSG101,1558
tsh,4533
tsl,1221.148658
Tsp,2070.30949
Tsp26A,2718.845588
Tsp29Fa,794.9218284
Tsp29Fb,961.6185002
Tsp2A,785.5218567
Tsp33B,912
Tsp39D,2160
Tsp3A,1244.169135
Tsp42A,737
Tsp42Ea,914.4031358
Tsp42Eb,666
Tsp42Ec,826
Tsp42Ed,737.7986029
Tsp42Ee,1194.962474
Tsp42Ef,1148
Tsp42Eg,989
Tsp42Eh,811
Tsp42Ei,974.4834013
Tsp42Ej,917
Tsp42Ek,853.0654717
Tsp42El,863
Tsp42En,908.0540947
Tsp42Eo,690
Tsp42Ep,1038.620821
Tsp42Eq,878
Tsp42Er,649
Tsp47F,1009
Tsp5D,1708.237501
Tsp66A,1414.75
Tsp66E,2040.148961
Tsp68C,1198
Tsp74F,1246.168807
Tsp86D,1573.652534
Tsp96F,2822.382458
Tsp97E,1451.783524
Tspo,654
tsr,536
Tsr1,2645
tst,4103.767816
tsu,492
Ttc19,1241
Ttd14,2237.418504
tth,2771.500173
ttk,4033.906529
TTLL3A,2877
TTLL3B,2818
ttm2,1314
ttm3,908
ttm50,1575.818574
ttv,3519.265271
tty,4862.87515
tub,1807
tud,8630.404469
Tudor-SN,3160.503293
tum,2154
tun,2625.400297
tup,3016.202259
Tusp,5340.454828
tut,847
tutl,6731.456914
tw,2528.331896
Twdlalpha,1155
TwdlB,826
Twdlbeta,517
TwdlC,1197
TwdlD,766
TwdlE,1147
TwdlF,1036
TwdlG,1251.041194
TwdlH,721
TwdlJ,709
TwdlK,641
TwdlL,835
TwdlM,831
TwdlN,889
TwdlO,608
TwdlP,558
TwdlQ,694
TwdlR,860
TwdlS,611
TwdlT,1408
TwdlU,875
TwdlV,868
TwdlW,927
TwdlX,1167
TwdlY,835
TwdlZ,492
twe,1903.966176
tweek,16093.71453
twf,1178
twi,1771.139179
twin,2958.321901
twit,951
twr,656
tws,2645.721698
twz,2157.481594
tx,1855.974027
Txl,924
tyf,8137.741117
Tyler,3040.076455
tyn,3321.674264
TyrR,4252.06336
TyrRII,2928.835278
TyrRS,1572
TyrRS-m,1341
tzn,873.6011643
U26,3210.308677
U2A,802
U2af38,1126.275835
U2af50,1227.138315
U3-55K,1491
U4-U6-60K,1859
Uba1,4144
Uba2,2130
Uba3,1282
Ubc10,800
Ubc2,1658.050507
Ubc4,1265.483369
Ubc6,1287.69021
Ubc7,1240.179607
Ubc84D,438
Ubc87F,461
UbcE2H,2385.52047
UbcE2M,974.1609333
Ube3a,3475
Ubi-p5E,1758.687428
Ubi-p63E,2399.139915
ubl,197
UBL3,1793.922117
Ublcp1,1003
Ubqn,3149.523598
Ubr1,6859.620316
Ubr3,9153.557529
Ubx,3269.001682
Uch,865.4798498
Uch-L5,1067.913051
Uch-L5R,1099
Ucp4A,1652.103571
Ucp4B,699.8609103
Ucp4C,997
udd,790.8787302
Ude,1290.885815
Uev1A,1052.804811
uex,2942.940438
Ufd1-like,995
UGP,1924.285809
Ugt,5117
Ugt35a,1582
Ugt35b,1473
Ugt36Ba,1455.939799
Ugt36Bb,1421
Ugt36Bc,1723.674538
Ugt37a1,1424
Ugt37b1,1541
Ugt37c1,1544
Ugt58Fa,1598.316843
Ugt86Da,1795
Ugt86Dc,1396
Ugt86Dd,1472
Ugt86De,1540
Ugt86Dg,1385
Ugt86Dh,1652.909296
Ugt86Di,1687.696897
Ugt86Dj,1538
uif,11342.70183
UK114,410.9999999
Ulp1,5299
unc,4341.46986
unc-104,7159.607364
Unc-115a,3345.001039
Unc-115b,2980.982167
unc-119,2003.347078
unc-13,11167.15634
unc-13-4A,7287.85405
Unc-13-4B,3427.806912
unc-4,2695.967492
unc-45,3054.434722
unc-5,4865.163313
Unc-76,2933.355931
Unc-89,10448.89668
unc79,8419.323263
unc80,9943.228757
und,1416.062444
unk,3810.861955
unpg,1491
Unr,7259.786107
up,1386.922487
upd1,2254.771156
upd2,1781
upd3,2022
Updo,1100
Upf1,4977.761136
Upf2,4879
Upf3,1490.484067
upSET,12461.45897
UQCR-11,241.9341825
UQCR-11L,225.4986084
UQCR-14,324
UQCR-14L,304
UQCR-6.4,152.2779855
UQCR-C1,1431.871695
UQCR-C2,1391.135032
UQCR-Q,303.4297669
uri,2152
Uro,1063
Use1,781
Usf,3067.67454
ush,4409.910655
usp,2366.570832
Usp1,4647.13088
Usp10,7256.087541
Usp12-46,2009
Usp14,1383.288597
Usp15-31,4912.898885
Usp16-45,4202.462384
Usp2,3776.039431
Usp20-33,3224
Usp30,2102.284721
Usp32,6093.222427
Usp39,1496
Usp47,5225.719213
Usp5,2527.050116
Usp7,5370.22382
Usp8,2772.324006
Utx,3222.062998
Uvrag,2309.552633
uzip,2276.779032
v,1106
VAChT,6899
Vago,508.062066
ValRS,3152.879093
ValRS-m,2973.616812
Vamp7,891.9155998
Vang,3293
vanin-like,1665
vap,3474.06368
Vap-33A,2660.05004
Vap-33B,1626.134726
vari,2162.915443
vas,2052.260656
Vav,3811.78562
Vdup1,1387.970252
veil,1847.628124
veli,696.6482176
velo,3451.172561
VepD,386.3434201
ver,574.7884916
verm,1975.399563
vfl,7019.238607
vg,3264
VGAT,2501
VGlut,5527.891636
Vha100-1,2763.048294
Vha100-2,2819.117642
Vha100-3,2736
Vha100-4,2529
Vha100-5,2499.776863
Vha13,524.7727876
Vha14-1,460
Vha14-2,747.7968537
Vha16-1,2655.784175
Vha16-2,396
Vha16-3,411
Vha16-4,368
Vha16-5,526
Vha26,2017.575061
Vha36-1,865
Vha36-2,1097
Vha36-3,989.3212196
Vha44,1876.085992
Vha55,2312.56132
Vha68-1,2375.858891
Vha68-2,2314.875588
Vha68-3,2246
VhaAC39-1,1593
VhaAC39-2,1034
VhaAC45,1713.385556
VhaM8.9,1269
VhaM9.7-a,412.1852984
VhaM9.7-b,522.1072336
VhaM9.7-c,649
VhaM9.7-d,295
VhaPPA1-1,1152.933153
VhaPPA1-2,473
VhaSFD,2055.117121
Vhl,952.5932414
viaf,959
vib,1242.587418
Victoria,323
vig,2493.318939
vig2,1390.534615
vih,1265
vilya,628
vimar,3268.682576
Vinc,3577.816159
vir,5668
vir-1,860.4200363
vis,1565.478753
vito,752
vkg,6194.797718
Vkor,321
vlc,2319.907379
vls,1111
Vm26Aa,489.9699583
Vm26Ab,436.9077931
Vm26Ac,428
Vm32E,262.4281739
Vm34Ca,292
Vmat,2410.59952
Vml,1671.100805
vn,4838.961769
vnc,869.5538472
vnd,3114.526504
Vps11,2645
Vps13,10181.15827
Vps13B,11196.78736
Vps15,3737.821762
Vps16A,2542
Vps16B,1332
Vps2,1049
Vps20,606.5265688
Vps24,1138.248171
Vps25,479
Vps26,2344
Vps28,658.4846317
Vps29,800
Vps33B,1892
Vps35,2937.362602
Vps36,1147
Vps37B,824.0673956
Vps39,2716
Vps4,1876.34088
Vps45,1856
Vps51,2219
Vps52,1969
Vps53,2761
Vps54L,3304
Vps60,832.093091
vret,2129
vri,3456.189919
Vrp1,3381.924578
vsg,1990.258481
Vsx1,2987.571331
Vsx2,2159.005462
vtd,2104.85669
Vti1a,1171
Vti1b,386.0337855
vvl,4468.246417
w,2153
w-cup,1662.002949
wa-cup,1679
wac,494.2781084
wake,5537.429739
wal,1050.310236
wap,3017.062317
wapl,5682.687176
wash,1583.387191
WASp,2582.916298
wat,2075
waw,5251
wb,9042.083573
wbl,819.9944265
Wbp2,1316.001547
wcd,1464
wda,2545
wdb,4345.763503
wde,4560.459505
wdn,2985
wdp,2875.422769
WDR79,1429.079373
Wdr82,890
wds,1748.303295
WDY,3195
wech,5310.840119
Wee1,2280.29698
wek,1686.228633
wfs1,2471.211637
wg,2720
wge,6066.883953
wgn,2226.747016
Whamy,1796.954566
whd,2697.777168
whip,661
wisp,5041.437759
wit,4018
wkd,1861.099461
wls,2303.383956
wmd,1420.869268
wnd,3918.354076
Wnk,7888.377253
Wnt10,2176
Wnt2,2037.293478
Wnt4,2901.93633
Wnt5,3751.618586
Wnt6,2639.506961
wntD,948
woc,5270.538012
wol,1136
wor,2023
wrapper,1778
WRNexo,1297.691877
wry,5221
Wsck,2696
wtrw,3518.619863
wts,5604
wuc,516
wuho,1264
wun,1424.564729
wun2,1776.208561
wupA,975.1132402
wus,1731.845886
Wwox,1293.979941
X11L,4752.424522
X11Lbeta,8642.830613
x16,1532.95265
Xbp1,1936.127911
Xe7,3066.977583
xit,1441
xmas-1,2653
xmas-2,4874
XNP,4304.921103
Xpac,979
Xpc,3912.456748
Xpd,2598
Xport-A,750
Xport-B,760.617192
XRCC1,2120
Xrp1,2622.166559
y,1839
yata,3815.007083
yellow-b,1495.543084
yellow-c,1373.206883
yellow-d,1552
yellow-d2,1142
yellow-e,1645
yellow-e2,1372
yellow-e3,1120
yellow-f,1236.247557
yellow-f2,1263
yellow-g,1145
yellow-g2,1232
yellow-h,1305
yellow-k,835
yem,4040
Yeti,717.4802096
yin,2538.858191
yip2,1192
yip3,1050
yip7,705
Yippee,947.1928247
yki,1276.185128
Ykt6,1270
yl,6092.107244
YL-1,1050.088601
ymp,748.734877
Yp1,1382.953473
Yp2,1387.454031
Yp3,1316.790933
yps,2055.524066
yrt,3757.263702
YT521-B,3014.560767
ytr,1876.972841
yuri,2210.134825
z,2258.317762
Z600,254
ZAP3,5762.132107
Zasp52,3057.38589
Zasp66,1005.397686
Zasp67,2221.652001
ZC3H3,1843
zen,1068
zen2,738.5
zetaCOP,520.0310862
zetaTry,748
zf30C,2777
zfh1,5435.244497
zfh2,10106.69275
Zfrp8,1002.67351
Zif,1257.61976
zip,6411.793177
Zip102B,2683.462279
Zip42C.1,1091
Zip42C.2,1079
Zip48C,1679
Zip71B,2177.313326
Zip88E,1340
Zip89B,1812
Zip99C,1557.735232
ZIPIC,1432
Zir,6277
Ziz,8347.471982
Zmynd10,1298
Zn72D,3549.289279
ZnT33D,2058.143308
ZnT35C,1541.507561
ZnT41F,1952.367918
ZnT49B,2337.21762
ZnT63C,2314.44109
ZnT77C,2078.229068
ZnT86D,1804
zormin,11107.05732
zpg,1295.934966
Zpr1,1654
zuc,949
Zw,1889.164009
Zw10,2368
Zwilch,2033
zyd,1954.95347
zye,6832
Zyx,1754.369731
